MatchClubPlayerID,PlayerTypeID,Saves,Fouls,YellowCards,RedCards
0,4,2,0,0,0
11,4,1,0,0,0
24,4,0,0,0,0
31,4,0,0,0,0
62,4,0,0,0,0
63,4,1,0,0,0
74,4,3,0,0,0
86,4,0,0,0,0
92,4,0,0,0,0
93,4,0,0,0,0
104,4,2,0,0,0
116,4,0,0,0,0
123,4,0,0,0,0
125,4,2,0,0,0
136,4,2,0,0,0
147,4,0,0,0,0
155,4,0,0,0,0
157,4,4,1,0,0
168,4,3,0,0,0
181,4,0,0,0,0
187,4,1,0,0,0
198,4,6,0,0,0
213,4,0,0,0,0
215,4,0,0,0,0
216,4,0,0,0,0
217,4,5,0,0,0
228,4,7,0,0,0
240,4,0,0,0,0
245,4,0,0,0,0
246,4,3,0,0,0
257,4,5,0,0,0
269,4,0,0,0,0
273,4,0,0,0,0
276,4,3,0,0,0
287,4,6,1,0,0
302,4,0,0,0,0
306,4,0,0,0,0
307,4,4,0,0,0
318,4,1,0,0,0
333,4,0,0,0,0
340,4,0,0,0,0
341,4,2,0,0,0
352,4,4,0,0,0
365,4,0,0,0,0
368,4,0,0,0,0
369,4,1,0,0,0
381,4,4,0,0,0
394,4,0,0,0,0
397,4,0,0,0,0
398,4,0,0,0,0
400,4,2,2,0,0
411,4,2,0,0,0
426,4,0,0,0,0
428,4,0,0,0,0
432,4,2,0,0,0
443,4,2,0,0,0
457,4,0,0,0,0
468,4,0,0,0,0
479,4,3,1,0,0
490,4,0,0,0,0
494,4,0,0,0,0
498,4,1,0,1,0
509,4,2,0,0,0
525,4,0,0,0,0
529,4,3,0,0,0
540,4,2,0,0,0
553,4,0,0,0,0
557,4,0,0,0,0
561,4,3,0,0,0
572,4,2,0,0,0
584,4,0,0,0,0
590,4,0,0,0,0
593,4,1,0,0,0
604,4,5,0,0,0
616,4,0,0,0,0
620,4,0,0,0,0
623,4,6,0,0,0
634,4,4,0,0,0
648,4,0,0,0,0
651,4,0,0,0,0
655,4,3,0,0,0
666,4,5,0,0,0
681,4,0,0,0,0
685,4,0,0,0,0
686,4,2,0,0,0
697,4,2,0,0,0
709,4,0,0,0,0
719,4,0,0,0,0
721,4,1,0,0,0
732,4,5,1,0,0
746,4,0,0,0,0
752,4,0,0,0,0
753,4,2,0,0,0
764,4,1,0,0,0
779,4,0,0,0,0
784,4,0,0,0,0
788,4,4,0,0,0
799,4,3,0,0,0
812,4,0,0,0,0
820,4,3,0,0,0
831,4,6,0,0,0
843,4,0,0,0,0
848,4,0,0,0,0
850,4,2,0,0,0
862,4,6,0,0,0
876,4,0,0,0,0
880,4,0,0,0,0
882,4,5,0,0,0
893,4,3,0,0,0
907,4,0,0,0,0
913,4,0,0,0,0
914,4,2,0,0,0
925,4,3,0,0,0
937,4,0,0,0,0
941,4,0,0,0,0
942,4,0,0,0,0
947,4,3,0,0,0
958,4,3,0,0,0
969,4,0,0,0,0
974,4,0,0,0,0
978,4,2,0,0,0
989,4,5,0,0,0
1002,4,0,0,0,0
1004,4,0,0,0,0
1009,4,2,0,0,0
1020,4,2,0,0,0
1031,4,0,0,0,0
1036,4,0,0,0,0
1042,4,5,0,0,0
1053,4,2,0,0,0
1067,4,0,0,0,0
1071,4,0,0,0,0
1076,4,3,0,0,0
1088,4,3,0,0,0
1100,4,0,0,0,0
1105,4,0,0,0,0
1107,4,3,0,0,0
1118,4,7,0,0,0
1130,4,0,0,0,0
1143,4,0,0,0,0
1144,4,5,0,0,0
1155,4,0,0,0,0
1168,4,0,0,0,0
1171,4,0,0,0,0
1174,4,3,0,0,0
1185,4,4,0,0,0
1198,4,0,0,0,0
1204,4,0,0,0,0
1205,4,4,0,0,0
1216,4,6,1,0,0
1229,4,0,0,0,0
1232,4,0,0,0,0
1234,4,3,0,0,0
1245,4,4,2,0,0
1257,4,0,0,0,0
1265,4,0,0,0,0
1268,4,4,0,0,0
1279,4,7,0,0,0
1291,4,0,0,0,0
1296,4,0,0,0,0
1301,4,2,0,0,0
1312,4,6,0,0,0
1325,4,0,0,0,0
1328,4,0,0,0,0
1332,4,3,0,0,0
1343,4,4,0,0,0
1356,4,0,0,0,0
1360,4,0,0,0,0
1362,4,4,1,0,0
1373,4,2,1,0,0
1389,4,0,0,0,0
1392,4,6,0,0,0
1403,4,2,0,0,0
1419,4,0,0,0,0
1422,4,0,0,0,0
1423,4,4,1,0,0
1434,4,2,1,0,0
1447,4,0,0,0,0
1453,4,0,0,0,0
1454,4,1,0,0,0
1465,4,4,0,0,0
1477,4,0,0,0,0
1483,4,0,0,0,0
1485,4,2,0,0,0
1496,4,5,0,0,0
1511,4,0,0,0,0
1514,4,0,0,0,0
1518,4,1,0,0,0
1529,4,3,0,0,0
1542,4,0,0,0,0
1546,4,0,0,0,0
1549,4,7,0,0,0
1560,4,1,0,0,0
1573,4,0,0,0,0
1578,4,0,0,0,0
1581,4,3,0,0,0
1592,4,2,0,0,0
1603,4,0,0,0,0
1610,4,0,0,0,0
1612,4,1,0,0,0
1623,4,2,0,0,0
1634,4,0,0,0,0
1642,4,0,0,0,0
1644,4,2,0,0,0
1655,4,3,2,0,0
1666,4,0,0,0,0
1669,4,0,0,0,0
1670,4,0,0,0,0
1675,4,2,0,0,0
1686,4,1,1,0,0
1698,4,0,0,0,0
1702,4,0,0,0,0
1706,4,2,1,0,0
1717,4,1,0,0,0
1731,4,0,0,0,0
1738,4,0,0,0,0
1740,4,2,0,0,0
1752,4,1,0,0,0
1765,4,0,0,0,0
1768,4,0,0,0,0
1770,4,1,0,0,0
1781,4,3,0,0,0
1796,4,0,0,0,0
1799,4,0,0,0,0
1802,4,2,0,0,0
1813,4,2,0,0,0
1824,4,0,0,0,0
1830,4,0,0,0,0
1832,4,0,0,0,0
1843,4,3,1,0,0
1859,4,0,0,0,0
1862,4,0,0,0,0
1865,4,4,0,0,0
1876,4,5,0,0,0
1887,4,0,0,0,0
1892,4,0,0,0,0
1897,4,1,0,0,0
1908,4,6,1,0,0
1922,4,0,0,0,0
1923,4,0,0,0,0
1926,4,3,0,0,0
1937,4,7,0,0,0
1949,4,0,0,0,0
1955,4,0,0,0,0
1957,4,3,0,0,0
1968,4,2,0,0,0
1980,4,0,0,0,0
1981,4,0,0,0,0
1983,4,0,0,0,0
1987,4,4,0,0,0
1998,4,7,0,0,0
2016,4,0,0,0,0
2022,4,0,0,0,0
2024,4,1,0,0,0
2035,4,3,0,0,0
2049,4,0,0,0,0
2051,4,0,0,0,0
2052,4,0,0,0,0
2053,4,1,0,0,0
2064,4,3,1,0,0
2078,4,0,0,0,0
2081,4,0,0,0,0
2085,4,2,0,0,0
2096,4,2,1,1,0
2108,4,0,0,0,0
2112,4,4,0,0,0
2123,4,5,0,0,0
2136,4,0,0,0,0
2140,4,6,0,0,0
2151,4,4,0,0,0
2162,4,0,0,0,0
2170,4,0,0,0,0
2171,4,3,0,0,0
2182,4,6,1,0,0
2196,4,0,0,0,0
2199,4,0,0,0,0
2202,4,3,0,0,0
2213,4,5,0,0,0
2225,4,0,0,0,0
2228,4,0,0,0,0
2233,4,1,0,0,0
2244,4,6,0,0,0
2259,4,0,0,0,0
2263,4,0,0,0,0
2264,4,4,0,0,0
2275,4,6,2,0,0
2288,4,0,0,0,0
2291,4,0,0,0,0
2294,4,6,0,0,0
2305,4,2,0,0,0
2319,4,0,0,0,0
2323,4,0,0,0,0
2326,4,2,0,0,0
2337,4,0,0,0,0
2352,4,0,0,0,0
2355,4,0,0,0,0
2360,4,1,0,0,0
2371,4,7,0,0,0
2385,4,0,0,0,0
2390,4,0,0,0,0
2392,4,6,0,0,0
2403,4,0,1,0,0
2415,4,0,0,0,0
2422,4,0,0,0,0
2425,4,0,0,0,0
2436,4,2,0,0,0
2449,4,0,0,0,0
2454,4,0,0,0,0
2457,4,4,0,0,0
2468,4,3,0,0,0
2482,4,0,0,0,0
2484,4,0,0,0,0
2487,4,2,0,0,0
2498,4,1,0,0,0
2510,4,0,0,0,0
2514,4,0,0,0,0
2515,4,3,0,0,0
2526,4,0,0,0,0
2537,4,0,0,0,0
2545,4,0,0,0,0
2549,4,6,0,0,0
2560,4,1,0,0,0
2575,4,0,0,0,0
2578,4,4,0,0,0
2580,4,3,0,0,0
2591,4,6,0,0,0
2607,4,0,0,0,0
2610,4,0,0,0,0
2612,4,4,0,0,0
2623,4,7,0,0,0
2635,4,0,0,0,0
2641,4,0,0,0,0
2642,4,5,0,0,0
2653,4,2,0,0,0
2665,4,0,0,0,0
2671,4,0,0,0,0
2674,4,1,0,0,0
2685,4,2,0,0,0
2698,4,0,0,0,0
2701,4,0,0,0,0
2703,4,1,1,0,0
2714,4,5,1,0,0
2729,4,0,0,0,0
2732,4,0,0,0,0
2734,4,3,0,0,0
2745,4,2,0,0,0
2758,4,0,0,0,0
2764,4,0,0,0,0
2766,4,4,0,0,0
2777,4,5,0,0,0
2791,4,0,0,0,0
2792,4,0,0,0,0
2796,4,1,0,0,0
2807,4,8,0,0,0
2820,4,0,0,0,0
2826,4,0,0,0,0
2827,4,1,0,0,0
2838,4,7,0,0,0
2849,4,0,0,0,0
2857,4,0,0,0,0
2858,4,1,0,0,0
2869,4,4,1,0,0
2883,4,0,0,0,0
2885,4,0,0,0,0
2888,4,5,0,0,0
2899,4,0,0,0,0
2912,4,0,0,0,0
2918,4,0,0,0,0
2919,4,5,0,0,0
2930,4,3,0,0,0
2941,4,0,0,0,0
2947,4,0,0,0,0
2952,4,6,0,0,0
2963,4,6,0,0,0
2979,4,0,0,0,0
2988,4,0,0,0,0
2990,4,1,0,0,0
3001,4,2,0,0,0
3012,4,0,0,0,0
3019,4,0,0,0,0
3020,4,1,0,0,0
3031,4,6,0,0,0
3045,4,0,0,0,0
3047,4,0,0,0,0
3053,4,5,0,0,0
3064,4,3,0,0,0
3076,4,0,0,0,0
3079,4,0,0,0,0
3087,4,7,1,0,0
3098,4,3,1,0,0
3113,4,0,0,0,0
3116,4,0,0,0,0
3117,4,3,0,0,0
3128,4,0,0,0,0
3141,4,0,0,0,0
3146,4,0,0,0,0
3147,4,4,0,0,0
3158,4,4,0,0,0
3172,4,0,0,0,0
3173,4,0,0,0,0
3179,4,4,0,0,0
3190,4,0,0,0,0
3205,4,0,0,0,0
3211,4,0,0,0,0
3213,4,4,0,0,0
3224,4,6,0,0,0
3237,4,0,0,0,0
3240,4,0,0,0,0
3244,4,3,0,0,0
3255,4,4,0,0,0
3268,4,0,0,0,0
3271,4,0,0,0,0
3277,4,1,0,0,0
3288,4,6,0,0,0
3301,4,0,0,0,0
3307,4,0,0,0,0
3309,4,1,0,0,0
3320,4,1,0,0,0
3331,4,0,0,0,0
3338,4,0,0,0,0
3342,4,1,0,0,0
3353,4,2,0,0,0
3365,4,0,0,0,0
3370,4,0,0,0,0
3374,4,6,1,0,0
3385,4,1,0,0,0
3397,4,0,0,0,0
3403,4,0,0,0,0
3404,4,3,0,0,0
3415,4,2,0,0,0
3426,4,0,0,0,0
3433,4,0,0,0,0
3435,4,1,0,0,0
3446,4,3,0,0,0
3460,4,0,0,0,0
3466,4,0,0,0,0
3467,4,3,0,0,0
3478,4,5,0,0,0
3491,4,0,0,0,0
3495,4,0,0,0,0
3497,4,5,0,0,0
3508,4,3,0,0,0
3519,4,0,0,0,0
3528,4,0,0,0,0
3531,4,4,0,0,0
3542,4,7,0,0,0
3554,4,0,0,0,0
3562,4,0,0,0,0
3564,4,2,0,0,0
3575,4,1,0,0,0
3590,4,0,0,0,0
3595,4,0,0,0,0
3600,4,6,0,0,0
3612,4,4,0,0,0
3628,4,0,0,0,0
3631,4,0,0,0,0
3634,4,2,0,0,0
3645,4,3,0,0,0
3658,4,0,0,0,0
3666,4,0,0,0,0
3668,4,4,0,0,0
3679,4,2,0,0,0
3692,4,0,0,0,0
3693,4,0,0,0,0
3698,4,5,0,0,0
3709,4,4,0,0,0
3720,4,0,0,0,0
3725,4,0,0,0,0
3728,4,2,0,0,0
3739,4,4,0,0,0
3751,4,0,0,0,0
3761,4,0,0,0,0
3762,4,8,0,0,0
3773,4,1,0,0,0
3784,4,0,0,0,0
3791,4,0,0,0,0
3792,4,4,0,0,0
3803,4,8,0,0,0
3818,4,0,0,0,0
3822,4,0,0,0,0
3823,4,1,0,0,0
3834,4,3,0,0,0
3848,4,0,0,0,0
3852,4,0,0,0,0
3856,4,1,0,0,0
3867,4,3,0,0,0
3880,4,0,0,0,0
3883,4,0,0,0,0
3887,4,3,0,0,0
3898,4,0,0,0,0
3912,4,0,0,0,0
3916,4,0,0,0,0
3918,4,2,0,0,0
3929,4,5,0,0,0
3942,4,0,0,0,0
3944,4,0,0,0,0
3949,4,4,0,0,0
3950,4,3,0,0,0
3975,4,0,0,0,0
3976,4,0,0,0,0
3982,4,1,0,0,0
3983,4,3,0,0,0
4008,4,0,0,0,0
4011,4,0,0,0,0
4014,4,3,0,0,0
4015,4,1,1,0,0
4039,4,0,0,0,0
4044,4,0,0,0,0
4045,4,4,1,0,0
4046,4,4,0,0,0
4070,4,0,0,0,0
4073,4,0,0,0,0
4078,4,2,0,0,0
4079,4,4,0,0,0
4104,4,0,0,0,0
4108,4,0,0,0,0
4115,4,4,0,0,0
4116,4,3,0,0,0
4137,4,0,0,0,0
4143,4,0,0,0,0
4147,4,1,0,0,0
4148,4,3,0,0,0
4170,4,0,0,0,0
4177,4,0,0,0,0
4179,4,7,0,0,0
4202,4,0,0,0,0
4207,4,0,0,0,0
4208,4,2,0,0,0
4209,4,4,0,0,0
4235,4,0,0,0,0
4237,4,3,0,0,0
4238,4,5,0,0,0
4259,4,0,0,0,0
4269,4,0,0,0,0
4270,4,0,1,0,0
4271,4,7,0,0,0
4295,4,0,0,0,0
4298,4,0,0,0,0
4301,4,2,0,0,0
4302,4,0,1,0,0
4326,4,0,0,0,0
4331,4,0,0,0,0
4335,4,3,0,0,0
4336,4,5,0,0,0
4357,4,0,0,0,0
4363,4,0,0,0,0
4366,4,6,0,0,0
4367,4,1,2,0,0
4390,4,0,0,0,0
4394,4,0,0,0,0
4396,4,4,0,0,0
4397,4,5,0,0,0
4422,4,0,0,0,0
4428,4,0,0,0,0
4429,4,4,0,0,0
4430,4,1,0,0,0
4451,4,0,0,0,0
4462,4,5,0,0,0
4463,4,7,0,0,0
4486,4,0,0,0,0
4489,4,0,0,0,0
4491,4,4,0,0,0
4492,4,5,0,0,0
4518,4,0,0,0,0
4521,4,5,0,0,0
4522,4,3,0,0,0
4543,4,0,0,0,0
4548,4,0,0,0,0
4553,4,3,0,0,0
4554,4,4,0,0,0
4575,4,0,0,0,0
4579,4,0,0,0,0
4583,4,5,0,0,0
4584,4,4,0,0,0
4606,4,0,0,0,0
4610,4,0,0,0,0
4615,4,5,0,0,0
4616,4,2,0,0,0
4642,4,0,0,0,0
4644,4,0,0,0,0
4647,4,1,0,0,0
4648,4,2,0,0,0
4669,4,0,0,0,0
4673,4,0,0,0,0
4674,4,2,0,0,0
4675,4,2,0,0,0
4697,4,0,0,0,0
4702,4,0,0,0,0
4704,4,1,0,0,0
4705,4,5,0,0,0
4728,4,0,0,0,0
4735,4,0,0,0,0
4740,4,3,0,0,0
4741,4,2,0,0,0
4763,4,0,0,0,0
4767,4,0,0,0,0
4768,4,0,0,0,0
4771,4,3,1,0,0
4772,4,3,0,0,0
4795,4,0,0,0,0
4801,4,0,0,0,0
4803,4,2,0,0,0
4804,4,4,0,0,0
4827,4,0,0,0,0
4835,4,0,0,0,0
4836,4,0,0,0,0
4837,4,5,0,0,0
4858,4,0,0,0,0
4866,4,6,0,0,0
4889,4,0,0,0,0
4892,4,0,0,0,0
4896,4,6,0,0,0
4897,4,2,0,0,0
4918,4,0,0,0,0
4923,4,0,0,0,0
4926,4,0,0,0,0
4927,4,5,0,0,0
4953,4,0,0,0,0
4956,4,0,0,0,0
4959,4,3,0,0,0
4960,4,6,0,0,0
4983,4,0,0,0,0
4991,4,0,0,0,0
4992,4,3,0,0,0
4993,4,3,0,0,0
5015,4,0,0,0,0
5020,4,0,0,0,0
5021,4,3,0,0,0
5022,4,1,1,0,0
5046,4,0,0,0,0
5049,4,0,0,0,0
5053,4,3,0,0,0
5054,4,2,0,0,0
5078,4,0,0,0,0
5080,4,0,0,0,0
5086,4,2,0,0,0
5087,4,1,1,0,0
5108,4,0,0,0,0
5113,4,0,0,0,0
5117,4,8,0,0,0
5118,4,0,0,0,0
5140,4,0,0,0,0
5146,4,0,0,0,0
5147,4,1,0,0,0
5148,4,2,0,0,0
5173,4,0,0,0,0
5181,4,0,0,0,0
5182,4,0,0,0,0
5183,4,0,1,0,0
5207,4,0,0,0,0
5213,4,0,0,0,0
5214,4,1,0,0,0
5215,4,10,0,0,0
5238,4,0,0,0,0
5243,4,0,0,0,0
5244,4,0,1,0,0
5266,4,0,0,0,0
5275,4,0,0,0,0
5277,4,2,0,0,0
5278,4,4,0,0,0
5300,4,0,0,0,0
5305,4,0,0,0,0
5307,4,3,0,0,0
5308,4,7,1,0,0
5331,4,0,0,0,0
5336,4,0,0,0,0
5339,4,1,0,0,0
5340,4,8,0,0,0
5362,4,0,0,0,0
5367,4,0,0,0,0
5372,4,2,0,0,0
5373,4,1,0,0,0
5394,4,0,0,0,0
5405,4,0,0,0,0
5406,4,0,0,0,0
5407,4,1,0,0,0
5432,4,0,0,0,0
5435,4,0,0,0,0
5437,4,1,0,0,0
5438,4,3,0,0,0
5459,4,0,0,0,0
5464,4,0,0,0,0
5468,4,2,0,0,0
5469,4,5,0,0,0
5491,4,0,0,0,0
5496,4,0,0,0,0
5498,4,10,0,0,0
5499,4,5,0,0,0
5522,4,0,0,0,0
5526,4,0,0,0,0
5530,4,3,0,0,0
5531,4,5,0,0,0
5556,4,0,0,0,0
5562,4,0,0,0,0
5563,4,1,0,0,0
5564,4,1,0,0,0
5587,4,0,0,0,0
5592,4,0,0,0,0
5593,4,3,0,0,0
5594,4,1,1,0,0
5617,4,0,0,0,0
5621,4,0,0,0,0
5622,4,6,0,0,0
5623,4,4,0,0,0
5646,4,0,0,0,0
5649,4,0,0,0,0
5653,4,5,0,0,0
5654,4,2,0,0,0
5681,4,0,0,0,0
5688,4,2,0,0,0
5712,4,0,0,0,0
5715,4,0,0,0,0
5717,4,1,1,0,0
5718,4,4,0,0,0
5742,4,0,0,0,0
5746,4,0,0,0,0
5748,4,3,0,0,0
5749,4,4,0,0,0
5773,4,0,0,0,0
5776,4,0,0,0,0
5779,4,2,0,0,0
5780,4,6,0,0,0
5806,4,0,0,0,0
5810,4,8,0,0,0
5835,4,0,0,0,0
5837,4,0,0,0,0
5840,4,4,0,0,0
5841,4,4,0,0,0
5866,4,0,0,0,0
5869,4,0,0,0,0
5871,4,4,0,0,0
5872,4,5,0,0,0
5896,4,0,0,0,0
5898,4,0,0,0,0
5901,4,2,0,0,0
5902,4,4,0,0,0
5924,4,0,0,0,0
5928,4,0,0,0,0
5931,4,3,0,0,0
5932,4,4,0,0,0
5957,4,0,0,0,0
5958,4,0,0,0,0
5961,4,0,0,0,0
5962,4,5,0,0,0
5987,4,0,0,0,0
5988,4,0,0,0,0
5992,4,0,0,0,0
5993,4,0,0,0,0
6019,4,0,0,0,0
6021,4,0,0,0,0
6022,4,1,1,0,0
6023,4,5,0,0,0
6044,4,0,0,0,0
6049,4,0,0,0,0
6052,4,4,0,0,0
6053,4,1,0,0,0
6074,4,0,0,0,0
6079,4,0,0,0,0
6085,4,4,0,0,0
6086,4,4,0,0,0
6107,4,0,0,0,0
6109,4,0,0,0,0
6112,4,0,0,0,0
6116,4,0,0,0,0
6117,4,0,0,0,0
6142,4,0,0,0,0
6147,4,0,0,0,0
6148,4,1,0,0,0
6149,4,7,0,0,0
6172,4,0,0,0,0
6178,4,0,0,0,0
6179,4,2,0,0,0
6180,4,4,0,0,0
6202,4,0,0,0,0
6209,4,3,0,0,0
6210,4,4,0,0,0
6235,4,0,0,0,0
6238,4,0,0,0,0
6241,4,4,1,0,0
6242,4,0,0,0,0
6266,4,0,0,0,0
6268,4,0,0,0,0
6273,4,3,0,0,0
6274,4,4,0,0,0
6296,4,0,0,0,0
6300,4,0,0,0,0
6304,4,1,0,0,0
6305,4,2,0,0,0
6328,4,0,0,0,0
6331,4,0,0,0,0
6334,4,3,0,0,0
6335,4,4,0,0,0
6359,4,0,0,0,0
6363,4,0,0,0,0
6365,4,2,0,0,0
6366,4,1,0,0,0
6387,4,0,0,0,0
6391,4,0,0,0,0
6395,4,2,0,0,0
6396,4,4,0,0,0
6418,4,0,0,0,0
6424,4,0,0,0,0
6425,4,0,0,0,0
6426,4,5,0,0,0
6447,4,0,0,0,0
6454,4,0,0,0,0
6457,4,4,0,0,0
6458,4,1,0,0,0
6480,4,0,0,0,0
6487,4,0,0,0,0
6489,4,1,0,0,0
6490,4,2,1,0,0
6515,4,0,0,0,0
6517,4,0,0,0,0
6520,4,2,0,0,0
6521,4,4,0,0,0
6537,4,0,0,0,0
6544,4,0,0,0,0
6549,4,0,0,0,0
6551,4,1,0,0,0
6552,4,1,0,0,0
6577,4,0,0,0,0
6582,4,1,0,0,0
6583,4,6,0,0,0
6604,4,0,0,0,0
6610,4,0,0,0,0
6613,4,6,1,0,0
6636,4,0,0,0,0
6640,4,0,0,0,0
6644,4,1,0,0,0
6645,4,4,1,0,0
6666,4,0,0,0,0
6671,4,0,0,0,0
6675,4,3,1,0,0
6676,4,4,0,0,0
6697,4,0,0,0,0
6703,4,0,0,0,0
6707,4,3,0,0,0
6708,4,2,1,0,0
6734,4,0,0,0,0
6735,4,0,0,0,0
6739,4,1,0,0,0
6740,4,2,0,0,0
6765,4,0,0,0,0
6767,4,0,0,0,0
6770,4,4,0,0,0
6771,4,4,0,0,0
6792,4,0,0,0,0
6799,4,0,0,0,0
6802,4,6,0,0,0
6803,4,2,1,0,0
6827,4,0,0,0,0
6830,4,0,0,0,0
6834,4,7,0,0,0
6835,4,3,0,0,0
6859,4,0,0,0,0
6863,4,0,0,0,0
6865,4,4,0,0,0
6866,4,3,1,0,0
6888,4,0,0,0,0
6894,4,0,0,0,0
6898,4,6,0,0,0
6899,4,2,0,0,0
6921,4,0,0,0,0
6927,4,0,0,0,0
6929,4,2,0,0,0
6930,4,1,0,0,0
6951,4,0,0,0,0
6958,4,0,0,0,0
6960,4,6,0,0,0
6961,4,3,0,0,0
6984,4,0,0,0,0
6991,4,0,0,0,0
6993,4,1,0,0,0
6994,4,4,0,0,0
7019,4,0,0,0,0
7024,4,0,0,0,0
7026,4,5,0,0,0
7027,4,4,0,0,0
7052,4,0,0,0,0
7056,4,0,0,0,0
7079,4,0,0,0,0
7082,4,0,0,0,0
7086,4,6,0,0,0
7087,4,4,0,0,0
7108,4,0,0,0,0
7115,4,0,0,0,0
7120,4,6,1,0,0
7141,4,0,0,0,0
7146,4,0,0,0,0
7150,4,2,0,0,0
7151,4,8,2,0,0
7172,4,0,0,0,0
7179,4,0,0,0,0
7181,4,3,0,0,0
7182,4,2,0,0,0
7204,4,0,0,0,0
7208,4,0,0,0,0
7212,4,3,0,0,0
7213,4,5,0,0,0
7235,4,0,0,0,0
7238,4,0,0,0,0
7242,4,0,0,0,0
7243,4,2,0,0,0
7244,4,3,0,0,0
7260,4,0,0,0,0
7266,4,0,0,0,0
7271,4,0,0,0,0
7276,4,3,0,0,0
7277,4,2,0,0,0
7299,4,0,0,0,0
7306,4,0,0,0,0
7309,4,3,0,0,0
7310,4,5,1,0,0
7325,4,0,1,0,0
7333,4,0,0,0,0
7336,4,0,0,0,0
7340,4,1,0,0,0
7341,4,2,0,0,0
7363,4,0,0,0,0
7367,4,0,0,0,0
7371,4,1,0,0,0
7372,4,4,0,0,0
7395,4,0,0,0,0
7397,4,0,0,0,0
7401,4,3,0,0,0
7402,4,1,1,0,0
7424,4,0,0,0,0
7428,4,0,0,0,0
7431,4,0,0,0,0
7432,4,4,0,0,0
7456,4,0,0,0,0
7458,4,0,0,0,0
7462,4,3,0,0,0
7463,4,4,0,0,0
7487,4,0,0,0,0
7490,4,0,0,0,0
7492,4,4,0,0,0
7493,4,1,0,0,0
7514,4,0,0,0,0
7521,4,0,0,0,0
7523,4,1,0,0,0
7524,4,4,0,0,0
7545,4,0,0,0,0
7553,4,0,0,0,0
7554,4,1,0,0,0
7555,4,4,0,0,0
7577,4,0,0,0,0
7585,4,0,0,0,0
7586,4,3,0,0,0
7587,4,4,0,0,0
7610,4,0,0,0,0
7617,4,4,0,0,0
7639,4,0,0,0,0
7643,4,0,0,0,0
7644,4,6,0,0,0
7645,4,5,0,0,0
7666,4,0,0,0,0
7674,4,0,0,0,0
7679,4,2,0,0,0
7680,4,5,0,0,0
7705,4,0,0,0,0
7706,4,0,0,0,0
7711,4,2,0,0,0
7712,4,0,0,0,0
7735,4,0,0,0,0
7743,4,0,0,0,0
7744,4,3,0,0,0
7745,4,1,0,0,0
7767,4,0,0,0,0
7770,4,0,0,0,0
7774,4,2,0,0,0
7775,4,4,0,0,0
7801,4,0,0,0,0
7804,4,0,0,0,0
7806,4,2,0,0,0
7807,4,5,0,0,0
7830,4,0,0,0,0
7835,4,0,0,0,0
7837,4,3,0,0,0
7838,4,3,0,0,0
7859,4,0,0,0,0
7864,4,0,0,0,0
7868,4,1,0,0,0
7869,4,3,0,0,0
7895,4,0,0,0,0
7899,4,0,0,0,0
7900,4,1,0,0,0
7901,4,5,0,0,0
7922,4,0,0,0,0
7928,4,0,0,0,0
7931,4,4,0,0,0
7932,4,3,0,0,0
7954,4,0,0,0,0
7958,4,0,0,0,0
7963,4,3,1,0,0
7964,4,4,0,0,0
7989,4,0,0,0,0
7992,4,0,0,0,0
7994,4,5,0,0,0
7995,4,4,0,0,0
8016,4,0,0,0,0
8017,4,0,0,0,0
8026,4,3,1,0,0
8027,4,0,0,1,0
8048,4,0,0,0,0
8056,4,4,0,0,0
8057,4,0,0,0,0
8079,4,0,0,0,0
8082,4,0,0,0,0
8087,4,2,0,0,0
8108,4,0,0,0,0
8112,4,0,0,0,0
8116,4,1,0,0,0
8117,4,4,0,0,0
8138,4,0,0,0,0
8139,4,0,0,0,0
8145,4,0,0,0,0
8150,4,1,0,0,0
8151,4,7,0,0,0
8172,4,0,0,0,0
8176,4,0,0,0,0
8180,4,0,0,0,0
8181,4,2,0,0,0
8202,4,0,0,0,0
8212,4,0,0,0,0
8213,4,5,0,0,0
8214,4,3,0,0,0
8230,4,0,1,0,0
8238,4,0,0,0,0
8241,4,0,0,0,0
8243,4,3,0,0,0
8244,4,6,0,0,0
8265,4,0,0,0,0
8268,4,0,0,0,0
8271,4,1,0,0,0
8272,4,5,0,0,0
8301,4,0,0,0,0
8302,4,4,0,0,0
8303,4,3,0,0,0
8326,4,0,0,0,0
8329,4,0,0,0,0
8333,4,1,0,0,0
8334,4,4,0,0,0
8356,4,0,0,0,0
8360,4,0,0,0,0
8364,4,1,0,0,0
8365,4,2,1,0,0
8386,4,0,0,0,0
8390,4,0,0,0,0
8394,4,2,0,0,0
8395,4,4,0,0,0
8416,4,0,0,0,0
8420,4,0,0,0,0
8424,4,1,0,0,0
8425,4,3,0,0,0
8448,4,0,0,0,0
8453,4,0,0,0,0
8455,4,1,0,0,0
8456,4,1,1,0,0
8480,4,0,0,0,0
8483,4,0,0,0,0
8486,4,6,0,0,0
8508,4,0,0,0,0
8511,4,0,0,0,0
8513,4,0,0,0,0
8514,4,0,0,0,0
8515,4,3,0,0,0
8537,4,0,0,0,0
8543,4,0,0,0,0
8544,4,4,1,0,0
8545,4,4,0,0,0
8560,4,0,0,0,0
8567,4,0,0,0,0
8576,4,3,0,0,0
8577,4,6,0,0,0
8603,4,0,0,0,0
8605,4,0,0,0,0
8608,4,2,0,0,0
8609,4,6,0,0,0
8633,4,0,0,0,0
8640,4,0,0,0,0
8641,4,0,0,0,0
8642,4,2,1,0,0
8665,4,0,0,0,0
8669,4,0,0,0,0
8674,4,4,0,0,0
8675,4,1,0,0,0
8698,4,0,0,0,0
8702,4,0,0,0,0
8707,4,2,0,0,0
8708,4,3,0,0,0
8732,4,0,0,0,0
8736,4,0,0,0,0
8738,4,0,0,0,0
8739,4,3,0,0,0
8760,4,0,0,0,0
8767,4,0,0,0,0
8768,4,6,0,0,0
8769,4,4,0,0,0
8790,4,0,0,0,0
8794,4,0,0,0,0
8796,4,5,0,0,0
8797,4,2,0,0,0
8825,4,0,0,0,0
8828,4,0,0,0,0
8829,4,7,1,0,0
8851,4,0,0,0,0
8855,4,0,0,0,0
8859,4,2,0,0,0
8860,4,2,0,0,0
8883,4,0,0,0,0
8886,4,0,0,0,0
8889,4,0,0,0,0
8890,4,4,0,0,0
8912,4,0,0,0,0
8915,4,0,0,0,0
8920,4,5,0,0,0
8940,4,0,0,0,0
8947,4,0,0,0,0
8948,4,2,0,0,0
8949,4,1,0,0,0
8971,4,0,0,0,0
8978,4,0,0,0,0
8981,4,1,0,0,0
8982,4,4,0,0,0
9147,4,0,0,0,0
9151,4,0,0,0,0
9152,4,1,0,0,0
9163,4,2,0,0,0
9178,4,0,0,0,0
9186,4,0,0,0,0
9198,4,3,1,0,0
9210,4,0,0,0,0
9215,4,0,0,0,0
9218,4,3,0,0,0
9229,4,8,0,0,0
9242,4,0,0,0,0
9249,4,3,0,0,0
9260,4,4,0,0,0
9272,4,0,0,0,0
9278,4,0,0,0,0
9280,4,3,0,0,0
9291,4,3,0,0,0
9309,4,0,0,0,0
9312,4,3,0,0,0
9323,4,1,1,0,0
9336,4,0,0,0,0
9339,4,0,0,0,0
9342,4,2,0,0,0
9353,4,2,0,0,0
9367,4,0,0,0,0
9371,4,0,0,0,0
9375,4,1,0,0,0
9386,4,2,1,0,0
9397,4,0,0,0,0
9404,4,0,0,0,0
9409,4,4,0,0,0
9430,4,0,0,0,0
9449,4,4,0,0,0
9464,4,0,0,0,0
9467,4,0,0,0,0
9469,4,1,0,0,0
9481,4,0,0,0,0
9492,4,0,0,0,0
9499,4,0,0,0,0
9501,4,1,0,0,0
9512,4,6,0,0,0
9524,4,0,0,0,0
9527,4,0,0,0,0
9529,4,0,0,0,0
9532,4,3,0,0,0
9543,4,0,0,0,0
9555,4,0,0,0,0
9559,4,0,0,0,0
9561,4,7,0,0,0
9572,4,2,0,0,0
9585,4,0,0,0,0
9593,4,0,0,0,0
9594,4,2,0,0,0
9605,4,1,2,0,0
9620,4,0,0,0,0
9628,4,0,0,0,0
9630,4,4,1,0,0
9641,4,2,0,0,0
9654,4,0,0,0,0
9655,4,0,0,0,0
9659,4,2,0,0,0
9670,4,0,0,0,0
9690,4,0,0,0,0
9692,4,2,0,0,0
9703,4,1,0,0,0
9718,4,0,0,0,0
9723,4,1,2,0,0
9734,4,2,0,0,0
9746,4,0,0,0,0
9752,4,0,0,0,0
9754,4,2,0,0,0
9765,4,1,1,0,0
9778,4,0,0,0,0
9780,4,0,0,0,0
9785,4,2,0,0,0
9796,4,1,0,0,0
9810,4,0,0,0,0
9813,4,0,0,0,0
9817,4,8,0,0,0
9828,4,4,0,0,0
9844,4,0,0,0,0
9846,4,0,0,0,0
9850,4,4,0,0,0
9860,4,7,0,0,0
9871,4,0,0,0,0
9875,4,0,0,0,0
9880,4,1,0,0,0
9905,4,0,0,0,0
9911,4,0,0,0,0
9913,4,5,0,0,0
9924,4,4,0,0,0
9936,4,0,0,0,0
9940,4,0,0,0,0
9943,4,2,0,0,0
9954,4,0,0,0,0
9967,4,0,0,0,0
9973,4,0,0,0,0
9974,4,1,0,0,0
9985,4,4,0,0,0
9999,4,0,0,0,0
10000,4,0,0,0,0
10004,4,4,0,0,0
10015,4,6,0,0,0
10026,4,0,0,0,0
10028,4,0,0,0,0
10031,4,0,0,0,0
10034,4,2,0,0,0
10045,4,2,1,0,0
10063,4,0,0,0,0
10064,4,4,0,0,0
10075,4,2,0,0,0
10086,4,0,0,0,0
10093,4,0,0,0,0
10104,4,5,0,0,0
10118,4,0,0,0,0
10124,4,0,0,0,0
10128,4,2,0,0,0
10139,4,2,0,1,0
10161,4,3,0,0,0
10172,4,3,0,0,0
10184,4,0,0,0,0
10193,4,1,0,0,0
10205,4,4,1,0,0
10220,4,0,0,0,0
10225,4,0,0,0,0
10226,4,1,0,0,0
10236,4,3,0,0,0
10248,4,0,0,0,0
10255,4,0,0,0,0
10261,4,0,0,0,0
10272,4,5,0,0,0
10283,4,0,0,0,0
10289,4,0,0,0,0
10291,4,1,0,0,0
10302,4,1,0,0,0
10312,4,0,0,0,0
10316,4,0,0,0,0
10329,4,4,0,0,0
10349,4,1,0,0,0
10360,4,4,0,0,0
10371,4,0,0,0,0
10380,4,0,0,0,0
10381,4,3,0,0,0
10392,4,1,0,0,0
10404,4,0,0,0,0
10413,4,0,0,0,0
10415,4,1,0,0,0
10439,4,0,0,0,0
10442,4,0,0,0,0
10446,4,3,0,0,0
10456,4,7,0,0,0
10471,4,0,0,0,0
10473,4,0,0,0,0
10476,4,2,0,0,0
10487,4,6,0,0,0
10501,4,0,0,0,0
10502,4,0,0,0,0
10505,4,5,0,0,0
10516,4,3,0,0,0
10528,4,0,0,0,0
10532,4,0,0,0,0
10535,4,3,0,0,0
10546,4,0,1,0,0
10557,4,0,0,0,0
10565,4,2,0,0,0
10576,4,7,0,0,0
10588,4,0,0,0,0
10589,4,0,0,0,0
10594,4,0,0,0,0
10596,4,3,0,0,0
10607,4,1,0,0,0
10619,4,0,0,0,0
10623,4,0,0,0,0
10628,4,1,0,0,0
10639,4,1,0,0,0
10650,4,0,0,0,0
10656,4,0,0,0,0
10658,4,3,0,0,0
10669,4,5,0,0,0
10682,4,0,0,0,0
10686,4,0,0,0,0
10688,4,6,0,0,0
10699,4,3,0,0,0
10712,4,0,0,0,0
10719,4,0,0,0,0
10720,4,4,0,0,0
10742,4,0,0,0,0
10752,4,2,0,0,0
10763,4,4,0,0,0
10775,4,0,0,0,0
10782,4,0,0,0,0
10783,4,3,0,0,0
10794,4,4,0,0,0
10811,4,0,0,0,0
10814,4,4,0,0,0
10825,4,4,0,0,0
10836,4,0,0,0,0
10844,4,0,0,0,0
10845,4,2,0,0,0
10855,4,4,0,0,0
10869,4,0,0,0,0
10873,4,0,0,0,0
10887,4,0,0,0,0
10904,4,0,0,0,0
10906,4,0,0,0,0
10907,4,4,1,0,0
10919,4,1,0,0,0
10930,4,0,0,0,0
10938,4,0,0,0,0
10939,4,1,0,0,0
10950,4,0,0,0,0
10962,4,0,0,0,0
10967,4,0,0,0,0
10968,4,4,0,0,0
10979,4,4,0,0,0
10994,4,0,0,0,0
10998,4,0,0,0,0
11000,4,3,0,0,0
11010,4,1,1,0,0
11023,4,0,0,0,0
11027,4,0,0,0,0
11029,4,3,0,0,0
11053,4,0,0,0,0
11058,4,2,0,0,0
11069,4,4,1,0,0
11080,4,0,0,0,0
11086,4,0,0,0,0
11087,4,0,0,0,0
11088,4,6,1,0,0
11099,4,7,0,0,0
11117,4,0,0,0,0
11121,4,2,0,0,0
11132,4,6,0,0,0
11148,4,0,0,0,0
11152,4,0,0,0,0
11155,4,3,0,0,0
11166,4,8,0,0,0
11178,4,0,0,0,0
11184,4,0,0,0,0
11185,4,3,0,0,0
11196,4,2,0,0,0
11207,4,0,0,0,0
11211,4,0,0,0,0
11215,4,1,0,0,0
11226,4,3,0,0,0
11239,4,0,0,0,0
11244,4,0,0,0,0
11245,4,2,0,0,0
11256,4,5,0,0,0
11269,4,0,0,0,0
11273,4,0,0,0,0
11275,4,4,0,0,0
11286,4,4,0,0,0
11298,4,0,0,0,0
11304,4,0,0,0,0
11306,4,1,0,0,0
11318,4,4,0,0,0
11333,4,0,0,0,0
11338,4,3,2,0,0
11349,4,2,0,0,0
11361,4,0,0,0,0
11365,4,0,0,0,0
11368,4,0,1,0,0
11379,4,1,0,0,0
11393,4,0,0,0,0
11396,4,0,0,0,0
11400,4,5,0,0,0
11411,4,2,0,0,0
11424,4,0,0,0,0
11425,4,0,0,0,0
11437,4,0,0,0,0
11454,4,0,0,0,0
11458,4,2,0,0,0
11469,4,1,0,0,0
11484,4,0,0,0,0
11487,4,1,0,0,0
11498,4,3,1,0,0
11509,4,0,0,0,0
11514,4,0,0,0,0
11517,4,3,0,0,0
11527,4,4,0,0,0
11538,4,0,0,0,0
11543,4,0,0,0,0
11544,4,1,0,0,0
11555,4,4,0,0,0
11566,4,0,0,0,0
11570,4,0,0,0,0
11575,4,5,0,0,0
11585,4,1,0,0,0
11599,4,0,0,0,0
11601,4,0,0,0,0
11602,4,0,0,0,0
11603,4,3,0,0,0
11614,4,1,0,0,0
11630,4,0,0,0,0
11634,4,0,0,0,0
11635,4,1,0,0,0
11646,4,2,0,0,0
11658,4,0,0,0,0
11660,4,0,0,0,0
11662,4,0,0,0,0
11664,4,2,0,0,0
11675,4,6,0,0,0
11689,4,0,0,0,0
11694,4,4,0,0,0
11705,4,2,0,0,0
11719,4,0,0,0,0
11722,4,0,0,0,0
11727,4,2,0,0,0
11738,4,1,0,0,0
11753,4,0,0,0,0
11758,4,4,0,0,0
11782,4,0,0,0,0
11788,4,2,0,0,0
11799,4,7,0,0,0
11810,4,0,0,0,0
11817,4,0,0,0,0
11820,4,4,0,0,0
11831,4,1,1,0,0
11842,4,0,0,0,0
11849,4,0,0,0,0
11852,4,4,0,0,0
11863,4,4,0,0,0
11876,4,0,0,0,0
11879,4,0,0,0,0
11880,4,0,0,0,0
11883,4,3,0,0,0
11894,4,0,0,0,0
11911,4,0,0,0,0
11926,4,2,0,0,0
11939,4,0,0,0,0
11946,4,0,0,0,0
11947,4,1,1,0,0
11958,4,1,0,0,0
11972,4,0,0,0,0
11976,4,0,0,0,0
11979,4,2,1,0,0
11990,4,4,0,0,0
12001,4,0,0,0,0
12008,4,0,0,0,0
12009,4,2,0,0,0
12020,4,1,0,0,0
12032,4,0,0,0,0
12038,4,0,0,0,0
12042,4,2,0,0,0
12053,4,1,0,0,0
12067,4,0,0,0,0
12071,4,1,0,0,0
12082,4,2,0,0,0
12092,4,0,0,0,0
12099,4,0,0,0,0
12101,4,1,0,0,0
12112,4,4,0,0,0
12126,4,0,0,0,0
12131,4,0,0,0,0
12132,4,6,0,0,0
12143,4,0,0,0,0
12154,4,0,0,0,0
12161,4,0,0,0,0
12164,4,2,0,0,0
12175,4,2,0,0,0
12188,4,0,0,0,0
12191,4,0,0,0,0
12193,4,0,0,0,0
12195,4,3,0,0,0
12206,4,2,0,0,0
12221,4,0,0,0,0
12226,4,0,0,0,0
12233,4,0,0,0,0
12244,4,9,0,0,0
12264,4,0,0,0,0
12265,4,2,0,0,0
12290,4,0,0,0,0
12294,4,0,0,0,0
12298,4,2,1,0,0
12309,4,1,0,0,0
12321,4,0,0,0,0
12331,4,0,0,0,0
12332,4,0,0,0,0
12343,4,0,0,0,0
12355,4,0,0,0,0
12359,4,0,0,0,0
12362,4,4,0,0,0
12373,4,0,0,0,0
12387,4,0,0,0,0
12388,4,0,0,0,0
12393,4,2,1,0,0
12404,4,2,2,0,0
12415,4,0,0,0,0
12418,4,0,0,0,0
12422,4,2,0,0,0
12433,4,5,0,0,0
12447,4,0,0,0,0
12451,4,0,0,0,0
12452,4,2,0,0,0
12463,4,3,0,0,0
12475,4,0,0,0,0
12483,4,4,0,0,0
12494,4,4,0,0,0
12508,4,0,0,0,0
12510,4,0,0,0,0
12511,4,2,0,0,0
12522,4,2,0,0,0
12534,4,0,0,0,0
12539,4,0,0,0,0
12542,4,4,0,0,0
12553,4,2,0,0,0
12566,4,0,0,0,0
12567,4,0,0,0,0
12573,4,0,0,0,0
12574,4,4,0,0,0
12585,4,2,1,0,0
12598,4,0,0,0,0
12602,4,0,0,0,0
12604,4,0,0,0,0
12615,4,4,0,0,0
12628,4,0,0,0,0
12634,4,0,0,0,0
12637,4,2,0,0,0
12648,4,2,0,0,0
12661,4,0,0,0,0
12667,4,0,0,0,0
12668,4,0,0,0,0
12690,4,0,0,0,0
12699,4,0,0,0,0
12700,4,1,0,0,0
12712,4,3,0,0,0
12723,4,0,0,0,0
12731,4,0,0,0,0
12732,4,3,0,0,0
12742,4,1,0,0,0
12759,4,0,0,0,0
12763,4,0,0,0,0
12764,4,2,0,0,0
12776,4,5,0,0,0
12791,4,0,0,0,0
12794,4,0,0,0,0
12797,4,2,0,0,0
12808,4,2,0,0,0
12824,4,0,0,0,0
12829,4,1,0,0,0
12840,4,3,0,0,0
12853,4,0,0,0,0
12859,4,8,0,0,0
12870,4,0,0,0,0
12884,4,0,0,0,0
12888,4,6,0,0,0
12899,4,4,0,0,0
12910,4,0,0,0,0
12914,4,0,0,0,0
12916,4,0,0,0,0
12917,4,1,0,0,0
12940,4,0,0,0,0
12944,4,0,0,0,0
12947,4,3,0,0,0
12958,4,3,0,0,0
12972,4,0,0,0,0
12973,4,0,0,0,0
12977,4,2,0,0,0
12988,4,8,0,0,0
12999,4,0,0,0,0
13005,4,0,0,0,0
13008,4,5,0,0,0
13019,4,1,1,0,0
13031,4,0,0,0,0
13036,4,0,0,0,0
13038,4,2,0,0,0
13049,4,4,0,0,0
13063,4,0,0,0,0
13067,4,0,0,0,0
13068,4,5,0,0,0
13080,4,7,0,0,0
13092,4,0,0,0,0
13097,4,0,0,0,0
13101,4,5,0,0,0
13112,4,1,0,0,0
13124,4,0,0,0,0
13141,4,3,0,0,0
13156,4,0,0,0,0
13158,4,0,0,0,0
13162,4,3,0,0,0
13174,4,6,0,0,0
13187,4,0,0,0,0
13193,4,0,0,0,0
13196,4,2,0,0,0
13207,4,4,0,0,0
13223,4,0,0,0,0
13227,4,0,0,0,0
13228,4,4,0,0,0
13239,4,3,0,0,0
13252,4,0,0,0,0
13257,4,0,0,0,0
13259,4,2,0,0,0
13270,4,5,0,0,0
13283,4,0,0,0,0
13287,4,0,0,0,0
13291,4,1,0,0,0
13302,4,1,0,0,0
13314,4,0,0,0,0
13317,4,0,0,0,0
13321,4,1,0,0,0
13332,4,5,0,0,0
13345,4,0,0,0,0
13346,4,0,0,0,0
13350,4,5,0,0,0
13361,4,3,0,0,0
13376,4,0,0,0,0
13382,4,0,0,0,0
13393,4,2,0,0,0
13415,4,3,0,0,0
13426,4,1,0,0,0
13442,4,0,0,0,0
13447,4,4,0,0,0
13458,4,0,0,0,0
13473,4,0,0,0,0
13475,4,0,0,0,0
13479,4,2,1,0,0
13490,4,5,0,0,0
13511,4,0,0,0,0
13512,4,6,1,0,0
13532,4,0,0,0,0
13534,4,0,0,0,0
13540,4,5,0,0,0
13552,4,2,0,0,0
13566,4,0,0,0,0
13571,4,0,0,0,0
13573,4,2,0,0,0
13584,4,1,0,0,0
13599,4,0,0,0,0
13603,4,1,0,0,0
13614,4,4,0,0,0
13627,4,0,0,0,0
13632,4,0,0,0,0
13634,4,0,1,0,0
13656,4,0,0,0,0
13665,4,0,0,0,0
13666,4,0,1,0,0
13677,4,1,0,0,0
13690,4,0,0,0,0
13691,4,0,0,0,0
13697,4,4,0,0,0
13708,4,1,0,0,0
13723,4,0,0,0,0
13730,4,1,0,0,0
13741,4,3,0,0,0
13758,4,0,0,0,0
13761,4,2,1,0,0
13772,4,2,2,0,0
13785,4,0,0,0,0
13789,4,0,0,0,0
13792,4,6,0,0,0
13803,4,2,0,0,0
13816,4,0,0,0,0
13818,4,0,0,0,0
13821,4,2,0,0,0
13832,4,6,0,0,0
13850,4,0,0,0,0
13852,4,4,0,0,0
13863,4,4,0,0,0
13879,4,0,0,0,0
13883,4,0,0,0,0
13884,4,0,0,0,0
13885,4,1,0,0,0
13896,4,4,1,0,0
13909,4,0,0,0,0
13911,4,0,0,0,0
13914,4,3,0,0,0
13925,4,6,0,0,0
13940,4,0,0,0,0
13944,4,2,0,0,0
13955,4,1,1,0,0
13973,4,0,0,0,0
13977,4,2,0,0,0
14000,4,0,0,0,0
14007,4,5,0,0,0
14019,4,3,0,0,0
14032,4,0,0,0,0
14036,4,0,0,0,0
14038,4,5,0,0,0
14049,4,3,0,0,0
14064,4,0,0,0,0
14067,4,0,0,0,0
14070,4,3,0,0,0
14081,4,3,0,0,0
14095,4,0,0,0,0
14096,4,0,0,0,0
14100,4,3,0,0,0
14111,4,3,2,0,0
14124,4,0,0,0,0
14129,4,0,0,0,0
14132,4,3,0,0,0
14143,4,1,0,0,0
14158,4,0,0,0,0
14165,4,0,0,0,0
14166,4,4,0,0,0
14177,4,4,0,0,0
14188,4,0,0,0,0
14190,4,0,0,0,0
14196,4,0,0,0,0
14198,4,3,0,0,0
14210,4,3,0,0,0
14221,4,0,0,0,0
14228,4,4,0,0,0
14239,4,4,0,0,0
14254,4,0,0,0,0
14255,4,0,0,0,0
14271,4,6,0,0,0
14282,4,0,0,0,0
14286,4,0,0,0,0
14290,4,2,1,0,0
14301,4,3,0,0,0
14313,4,0,0,0,0
14320,4,0,0,0,0
14332,4,3,0,0,0
14349,4,0,0,0,0
14353,4,3,1,0,0
14364,4,5,0,0,0
14376,4,0,0,0,0
14382,4,0,0,0,0
14384,4,1,0,0,0
14395,4,1,0,0,0
14416,4,0,0,0,0
14427,4,4,0,0,0
14439,4,0,0,0,0
14443,4,0,0,0,0
14444,4,1,0,0,0
14456,4,5,0,0,0
14468,4,0,0,0,0
14474,4,0,0,0,0
14475,4,1,0,0,0
14485,4,0,0,0,0
14497,4,0,0,0,0
14504,4,0,0,0,0
14506,4,1,0,0,0
14531,4,0,0,0,0
14536,4,0,0,0,0
14537,4,1,0,0,0
14549,4,3,0,0,0
14564,4,0,0,0,0
14572,4,0,0,0,0
14573,4,2,0,0,0
14584,4,1,0,0,0
14598,4,0,0,0,0
14600,4,0,0,0,0
14604,4,1,0,0,0
14615,4,0,0,0,0
14626,4,0,0,0,0
14632,4,0,0,0,0
14635,4,2,0,0,0
14646,4,1,0,0,0
14664,4,0,0,0,0
14666,4,0,0,0,0
14667,4,0,0,0,0
14678,4,4,1,0,0
14691,4,0,0,0,0
14697,4,0,0,0,0
14698,4,1,0,0,0
14709,4,5,0,0,0
14723,4,0,0,0,0
14727,4,5,0,0,0
14738,4,4,0,0,0
14750,4,0,0,0,0
14755,4,0,0,0,0
14757,4,3,0,0,0
14768,4,2,0,0,0
14783,4,0,0,0,0
14787,4,0,0,0,0
14790,4,2,0,0,0
14801,4,2,0,0,0
14812,4,0,0,0,0
14817,4,0,0,0,0
14819,4,4,0,0,0
14830,4,1,0,0,0
14849,4,0,0,0,0
14853,4,4,0,0,0
14865,4,2,0,0,0
14875,4,0,0,0,0
14881,4,0,0,0,0
14884,4,4,0,0,0
14895,4,1,0,0,0
14914,4,1,2,0,0
14926,4,3,1,0,0
14937,4,0,0,0,0
14947,4,0,0,0,0
14948,4,6,0,0,0
14959,4,1,0,0,0
14974,4,0,0,0,0
14976,4,0,0,0,0
14979,4,4,0,0,0
15006,4,0,0,0,0
15012,4,0,0,0,0
15013,4,6,1,0,0
15024,4,4,0,0,0
15036,4,0,0,0,0
15041,4,0,0,0,0
15044,4,3,0,0,0
15055,4,7,1,0,0
15067,4,0,0,0,0
15073,4,0,0,0,0
15084,4,6,0,0,0
15095,4,0,0,0,0
15099,4,0,0,0,0
15103,4,2,0,0,0
15114,4,1,0,0,0
15126,4,0,0,0,0
15131,4,0,0,0,0
15136,4,3,1,0,0
15147,4,3,0,0,0
15161,4,0,0,0,0
15163,4,0,0,0,0
15164,4,0,0,0,0
15167,4,2,0,0,0
15178,4,5,0,0,0
15192,4,0,0,0,0
15194,4,0,0,0,0
15198,4,0,0,0,0
15200,4,1,0,0,0
15225,4,0,0,0,0
15231,4,3,0,0,0
15242,4,7,0,0,0
15255,4,0,0,0,0
15260,4,1,0,0,0
15270,4,1,0,0,0
15281,4,0,0,0,0
15288,4,0,0,0,0
15303,4,4,0,0,0
15315,4,0,0,0,0
15322,4,0,0,0,0
15326,4,3,0,0,0
15350,4,0,0,0,0
15351,4,0,0,0,0
15355,4,1,0,0,0
15366,4,5,0,0,0
15383,4,0,0,0,0
15384,4,0,0,0,0
15391,4,1,0,0,0
15402,4,2,0,0,0
15415,4,0,0,0,0
15417,4,0,0,0,0
15422,4,3,0,0,0
15433,4,3,0,0,0
15445,4,0,0,0,0
15449,4,0,0,0,0
15453,4,2,1,0,0
15464,4,6,0,0,0
15480,4,0,0,0,0
15482,4,0,0,0,0
15485,4,5,0,0,0
15496,4,0,0,0,0
15509,4,0,0,0,0
15510,4,0,0,0,0
15514,4,1,0,0,0
15525,4,3,0,0,0
15536,4,0,0,0,0
15543,4,0,0,0,0
15546,4,1,1,0,0
15557,4,5,0,0,0
15569,4,0,0,0,0
15574,4,0,0,0,0
15578,4,2,0,0,0
15589,4,3,0,0,0
15605,4,0,0,0,0
15608,4,4,0,0,0
15618,4,5,0,0,0
15633,4,0,0,0,0
15637,4,0,0,0,0
15639,4,4,0,0,0
15650,4,3,0,0,0
15669,4,0,0,0,0
15671,4,3,0,0,0
15683,4,4,0,0,0
15694,4,0,0,0,0
15703,4,0,0,0,0
15715,4,7,0,0,0
15726,4,0,0,0,0
15732,4,0,0,0,0
15733,4,7,0,0,0
15745,4,3,0,0,0
15756,4,0,0,0,0
15763,4,0,0,0,0
15766,4,2,1,0,0
15777,4,5,1,0,0
15791,4,0,0,0,0
15794,4,0,0,0,0
15797,4,3,0,0,0
15808,4,4,0,0,0
15823,4,0,0,0,0
15827,4,0,0,0,0
15828,4,5,0,0,0
15840,4,2,0,0,0
15850,4,0,0,0,0
15859,4,0,0,0,0
15860,4,5,1,0,0
15872,4,2,0,0,0
15886,4,0,0,0,0
15887,4,0,0,0,0
15890,4,3,0,0,0
15901,4,12,1,0,0
15914,4,0,0,0,0
15918,4,0,0,0,0
15919,4,2,0,0,0
15930,4,3,0,0,0
15943,4,0,0,0,0
15947,4,0,0,0,0
15960,4,6,0,0,0
15976,4,0,0,0,0
15977,4,4,0,0,0
15988,4,2,0,0,0
16003,4,0,0,0,0
16007,4,0,0,0,0
16008,4,0,0,0,0
16019,4,3,0,0,0
16048,4,0,0,0,0
16052,4,1,0,0,0
16062,4,2,0,0,0
16072,4,0,0,0,0
16078,4,0,0,0,0
16082,4,5,0,0,0
16093,4,1,0,0,0
16112,4,0,0,0,0
16115,4,8,0,0,0
16137,4,0,0,0,0
16142,4,0,0,0,0
16148,4,5,0,0,0
16160,4,4,0,0,0
16176,4,0,0,0,0
16181,4,0,0,0,0
16182,4,3,0,0,0
16193,4,2,0,0,0
16209,4,0,0,0,0
16215,4,1,0,0,0
16227,4,6,1,0,0
16241,4,0,0,0,0
16246,4,0,0,0,0
16250,4,4,0,0,0
16261,4,7,0,0,0
16275,4,0,0,0,0
16282,4,0,0,0,0
16283,4,2,0,0,0
16294,4,1,0,0,0
16306,4,0,0,0,0
16311,4,0,0,0,0
16315,4,4,0,0,0
16326,4,0,0,0,0
16337,4,0,0,0,0
16345,4,0,0,0,0
16346,4,0,1,0,0
16357,4,3,0,0,0
16372,4,0,0,0,0
16374,4,0,0,0,0
16379,4,4,0,0,0
16390,4,4,0,0,0
16405,4,0,0,0,0
16408,4,0,0,0,0
16410,4,2,0,0,0
16421,4,3,0,0,0
16435,4,0,0,0,0
16436,4,0,0,0,0
16440,4,4,0,0,0
16451,4,3,0,0,0
16464,4,0,0,0,0
16470,4,0,0,0,0
16471,4,3,1,0,0
16481,4,4,0,0,0
16492,4,0,0,0,0
16501,4,0,0,0,0
16502,4,4,0,0,0
16514,4,1,0,0,0
16526,4,0,0,0,0
16529,4,0,0,0,0
16533,4,7,0,0,0
16544,4,3,0,0,0
16559,4,0,0,0,0
16574,4,3,0,0,0
16585,4,0,0,0,0
16590,4,0,0,0,0
16604,4,5,0,0,0
16617,4,0,0,0,0
16619,4,0,0,0,0
16622,4,2,0,0,0
16634,4,2,1,0,0
16646,4,0,0,0,0
16651,4,0,0,0,0
16656,4,2,0,0,0
16668,4,4,0,0,0
16681,4,0,0,0,0
16685,4,0,0,0,0
16689,4,5,0,0,0
16700,4,0,0,0,0
16713,4,0,0,0,0
16719,4,0,0,0,0
16720,4,3,0,0,0
16745,4,0,0,0,0
16749,4,3,0,0,0
16761,4,3,0,0,0
16772,4,0,0,0,0
16777,4,0,0,0,0
16780,4,1,0,0,0
16791,4,2,0,0,0
16807,4,0,0,0,0
16810,4,0,0,0,0
16813,4,4,1,0,0
16824,4,7,0,0,0
16836,4,0,0,0,0
16842,4,2,0,0,0
16853,4,4,0,0,0
16868,4,0,0,0,0
16870,4,0,0,0,0
16872,4,0,0,0,0
16883,4,8,0,0,0
16897,4,0,0,0,0
16899,4,0,0,0,0
16902,4,2,1,0,0
16913,4,3,0,0,0
16926,4,0,0,0,0
16932,4,0,0,0,0
16935,4,5,0,0,0
16946,4,2,0,0,0
16956,4,0,0,0,0
16962,4,0,0,0,0
16963,4,3,1,0,0
16975,4,3,0,0,0
16987,4,0,0,0,0
16988,4,0,0,0,0
17005,4,7,0,0,0
17019,4,0,0,0,0
17035,4,2,0,0,0
17047,4,0,0,0,0
17053,4,0,0,0,0
17056,4,1,0,0,0
17067,4,6,1,0,0
17081,4,0,0,0,0
17086,4,0,0,0,0
17088,4,4,0,0,0
17099,4,4,1,0,0
17111,4,0,0,0,0
17119,4,0,0,0,0
17121,4,2,1,0,0
17132,4,3,1,0,0
17146,4,0,0,0,0
17153,4,3,0,0,0
17164,4,2,0,0,0
17178,4,0,0,0,0
17184,4,0,0,0,0
17186,4,0,0,0,0
17188,4,1,0,0,0
17199,4,5,0,0,0
17211,4,0,0,0,0
17214,4,0,0,0,0
17217,4,0,0,0,0
17228,4,3,0,0,0
17239,4,0,0,0,0
17246,4,0,0,0,0
17247,4,0,0,0,0
17248,4,2,0,0,0
17259,4,4,0,0,0
17274,4,0,0,0,0
17280,4,2,0,0,0
17291,4,1,0,0,0
17303,4,0,0,0,0
17310,4,0,0,0,0
17313,4,0,0,0,0
17324,4,4,0,0,0
17336,4,0,0,0,0
17341,4,0,0,0,0
17342,4,4,0,0,0
17364,4,0,0,0,0
17372,4,5,0,0,0
17383,4,1,0,0,0
17404,4,0,0,0,0
17407,4,0,0,0,0
17419,4,0,1,0,0
17431,4,0,0,0,0
17435,4,0,0,0,0
17437,4,3,1,0,0
17460,4,0,0,0,0
17461,4,0,0,0,0
17464,4,0,0,0,0
17468,4,2,0,0,0
17478,4,5,1,0,0
17495,4,0,0,0,0
17496,4,2,0,0,0
17507,4,5,0,0,0
17519,4,0,0,0,0
17521,4,0,0,0,0
17525,4,7,1,0,0
17536,4,2,0,0,0
17547,4,0,0,0,0
17552,4,0,0,0,0
17555,4,1,0,0,0
17567,4,1,0,0,0
17579,4,0,0,0,0
17586,4,0,0,0,0
17588,4,4,1,0,0
17599,4,2,0,0,0
17611,4,0,0,0,0
17614,4,0,0,0,0
17617,4,0,0,0,0
17618,4,6,0,0,0
17630,4,3,0,0,0
17643,4,0,0,0,0
17646,4,0,0,0,0
17651,4,3,0,0,0
17662,4,2,0,0,0
17676,4,0,0,0,0
17678,4,0,0,0,0
17679,4,0,0,0,0
17680,4,4,0,0,0
17691,4,8,0,0,0
17705,4,0,0,0,0
17707,4,0,0,0,0
17709,4,2,0,0,0
17720,4,4,0,0,0
17736,4,0,0,0,0
17740,4,2,0,0,0
17751,4,2,0,0,0
17765,4,0,0,0,0
17773,4,0,0,0,0
17774,4,3,1,0,0
17785,4,4,0,0,0
17800,4,0,0,0,0
17806,4,2,0,0,0
17817,4,3,0,0,0
17828,4,0,0,0,0
17832,4,0,0,0,0
17833,4,5,0,0,0
17844,4,1,0,0,0
17855,4,0,0,0,0
17861,4,0,0,0,0
17875,4,4,0,0,0
17888,4,0,0,0,0
17892,4,0,0,0,0
17895,4,2,0,0,0
17907,4,3,0,0,0
17921,4,0,0,0,0
17928,4,0,0,0,0
17929,4,2,0,0,0
17954,4,0,0,0,0
17958,4,0,0,0,0
17964,4,2,0,0,0
17975,4,6,0,0,0
17986,4,0,0,0,0
17994,4,3,0,0,0
18005,4,5,0,0,0
18015,4,0,0,0,0
18025,4,6,0,0,0
18036,4,1,0,0,0
18049,4,0,0,0,0
18054,4,0,0,0,0
18058,4,1,0,0,0
18069,4,1,0,0,0
18081,4,0,0,0,0
18085,4,0,0,0,0
18089,4,5,1,0,0
18101,4,5,0,0,0
18112,4,0,0,0,0
18121,4,0,0,0,0
18122,4,2,0,0,0
18133,4,5,0,0,0
18146,4,0,0,0,0
18147,4,0,0,0,0
18151,4,0,0,0,0
18162,4,2,0,0,0
18177,4,0,0,0,0
18180,4,0,0,0,0
18193,4,4,0,0,0
18212,4,0,0,0,0
18213,4,1,0,0,0
18239,4,0,0,0,0
18253,4,3,0,0,0
18264,4,0,0,0,0
18274,4,0,0,0,0
18275,4,1,0,0,0
18286,4,4,0,0,0
18300,4,0,0,0,0
18302,4,0,0,0,0
18306,4,3,0,0,0
18317,4,4,0,0,0
18333,4,0,0,0,0
18335,4,0,0,0,0
18338,4,1,0,0,0
18350,4,0,0,0,0
18363,4,0,0,0,0
18368,4,0,0,0,0
18369,4,3,0,0,0
18381,4,7,0,0,0
18395,4,0,0,0,0
18403,4,2,0,0,0
18414,4,2,0,0,0
18434,4,0,0,0,0
18435,4,3,0,0,0
18460,4,0,0,0,0
18463,4,0,0,0,0
18469,4,3,0,0,0
18480,4,1,0,0,0
18494,4,0,0,0,0
18498,4,0,0,0,0
18499,4,1,0,0,0
18511,4,2,1,0,0
18522,4,0,0,0,0
18525,4,0,0,0,0
18528,4,0,0,0,0
18530,4,2,0,0,0
18557,4,0,0,0,0
18563,4,3,0,0,0
18574,4,5,0,0,0
18587,4,0,0,0,0
18593,4,0,0,0,0
18594,4,4,0,0,0
18605,4,2,1,0,0
18617,4,0,0,0,0
18620,4,0,0,0,0
18623,4,0,0,0,0
18634,4,3,0,0,0
18649,4,0,0,0,0
18650,4,0,0,0,0
18654,4,4,0,0,0
18665,4,2,0,0,0
18683,4,0,0,0,0
18684,4,0,0,0,0
18686,4,2,0,0,0
18697,4,5,0,0,0
18711,4,0,0,0,0
18716,4,0,0,0,0
18732,4,2,0,0,0
18745,4,0,0,0,0
18751,4,0,0,0,0
18754,4,4,0,0,0
18764,4,0,0,0,0
18781,4,0,0,0,0
18795,4,2,0,0,0
18809,4,0,0,0,0
18815,4,0,0,0,0
18816,4,0,0,0,0
18828,4,3,0,0,0
18842,4,0,0,0,0
18846,4,0,0,0,0
18850,4,4,1,0,0
18861,4,1,0,0,0
18873,4,0,0,0,0
18879,4,0,0,0,0
18881,4,2,0,0,0
18892,4,4,0,0,0
18906,4,0,0,0,0
18909,4,0,0,0,0
18911,4,2,0,0,0
18922,4,0,0,0,0
18935,4,0,0,0,0
18942,4,0,0,0,0
18943,4,5,1,0,0
18967,4,0,0,0,0
18974,4,2,1,0,0
18996,4,0,0,0,0
19005,4,0,0,0,0
19006,4,11,0,0,0
19017,4,4,0,0,0
19038,4,0,0,0,0
19039,4,1,0,0,0
19050,4,4,0,0,0
19067,4,0,0,0,0
19069,4,0,0,0,0
19073,4,2,0,0,0
19084,4,5,0,0,0
19098,4,0,0,0,0
19101,4,0,0,0,0
19106,4,4,0,0,0
19117,4,3,0,0,0
19132,4,0,0,0,0
19136,4,0,0,0,0
19139,4,2,0,0,0
19150,4,4,0,0,0
19161,4,0,0,0,0
19170,4,2,0,0,0
19182,4,2,0,0,0
19197,4,0,0,0,0
19202,4,0,0,0,0
19206,4,3,0,0,0
19217,4,3,0,0,0
19231,4,0,0,0,0
19234,4,0,0,0,0
19260,4,0,0,0,0
19270,4,0,0,0,0
19272,4,2,0,0,0
19283,4,2,0,0,0
19295,4,0,0,0,0
19298,4,0,0,0,0
19300,4,0,0,0,0
19306,4,7,2,0,0
19318,4,2,0,0,0
19330,4,0,0,0,0
19338,4,0,0,0,0
19339,4,6,0,0,0
19349,4,3,0,0,0
19368,4,4,3,0,0
19379,4,0,0,0,0
19393,4,0,0,0,0
19396,4,0,0,0,0
19402,4,2,0,0,0
19413,4,1,0,0,0
19425,4,0,0,0,0
19430,4,0,0,0,0
19434,4,6,0,0,0
19445,4,0,0,0,0
19459,4,0,0,0,0
19460,4,0,0,0,0
19463,4,3,0,0,0
19474,4,1,0,0,0
19485,4,0,0,0,0
19490,4,0,0,0,0
19493,4,0,0,0,0
19495,4,5,0,0,0
19506,4,6,1,0,0
19519,4,0,0,0,0
19524,4,0,0,0,0
19525,4,0,0,0,0
19526,4,0,0,0,0
19552,4,0,0,0,0
19556,4,4,0,0,0
19557,4,4,0,0,0
19579,4,0,0,0,0
19588,4,0,1,0,0
19614,4,0,0,0,0
19618,4,0,0,0,0
19619,4,0,0,0,0
19640,4,0,0,0,0
19647,4,0,0,0,0
19648,4,0,0,0,0
19649,4,0,1,0,0
19674,4,0,0,0,0
19677,4,0,0,0,0
19679,4,0,0,0,0
19680,4,0,0,0,0
19704,4,0,0,0,0
19707,4,0,0,0,0
19708,4,0,0,0,0
19734,4,0,0,0,0
19737,4,0,0,0,0
19738,4,0,0,0,0
19739,4,0,0,0,0
19761,4,0,0,0,0
19765,4,0,0,0,0
19768,4,6,0,0,0
19769,4,6,0,0,0
19792,4,0,0,0,0
19797,4,0,0,0,0
19801,4,4,1,0,0
19828,4,0,0,0,0
19833,4,0,0,0,0
19834,4,0,0,0,0
19856,4,0,0,0,0
19861,4,0,0,0,0
19862,4,0,0,0,0
19863,4,0,0,0,0
19888,4,0,0,0,0
19896,4,0,0,0,0
19897,4,0,0,0,0
19921,4,0,0,0,0
19926,4,0,0,0,0
19927,4,2,1,0,0
19928,4,4,0,0,0
19949,4,0,0,0,0
19953,4,0,0,0,0
19957,4,6,0,0,0
19958,4,6,0,0,0
19979,4,0,0,0,0
19982,4,0,0,0,0
19985,4,0,0,0,0
19986,4,0,0,0,0
20010,4,0,0,0,0
20012,4,0,0,0,0
20016,4,0,0,0,0
20017,4,0,0,0,0
20041,4,0,0,0,0
20047,4,0,0,0,0
20048,4,0,0,0,0
20049,4,0,0,0,0
20070,4,0,0,0,0
20076,4,0,0,0,0
20078,4,0,1,0,0
20079,4,0,0,0,0
20100,4,0,0,0,0
20106,4,0,0,0,0
20107,4,0,0,0,0
20108,4,0,0,0,0
20132,4,0,0,0,0
20139,4,0,0,0,0
20140,4,0,0,0,0
20141,4,0,0,0,0
20163,4,0,0,0,0
20167,4,0,0,0,0
20170,4,0,0,0,0
20171,4,0,0,0,0
20192,4,0,0,0,0
20200,4,0,0,0,0
20201,4,0,1,0,0
20202,4,0,0,0,0
20227,4,0,0,0,0
20230,4,0,0,0,0
20233,4,2,0,0,0
20255,4,0,0,0,0
20262,4,0,1,0,0
20263,4,0,0,0,0
20286,4,0,0,0,0
20292,4,0,0,0,0
20293,4,0,0,0,0
20294,4,0,0,0,0
20317,4,0,0,0,0
20321,4,0,0,0,0
20326,4,2,0,0,0
20327,4,4,0,0,0
20349,4,0,0,0,0
20352,4,0,0,0,0
20360,4,0,0,0,0
20361,4,0,0,0,0
20390,4,0,0,0,0
20393,4,0,0,0,0
20419,4,0,0,0,0
20423,4,3,0,0,0
20446,4,0,0,0,0
20450,4,0,0,0,0
20453,4,0,0,0,0
20454,4,0,0,0,0
20476,4,0,0,0,0
20481,4,0,0,0,0
20482,4,0,0,0,0
20504,4,0,0,0,0
20511,4,0,0,0,0
20512,4,0,0,0,0
20534,4,0,0,0,0
20536,4,0,0,0,0
20541,4,0,0,0,0
20567,4,0,0,0,0
20572,4,0,0,0,0
20573,4,0,0,0,0
20598,4,0,0,0,0
20600,4,0,0,0,0
20603,4,0,0,0,0
20604,4,0,0,0,0
20626,4,0,0,0,0
20635,4,0,0,0,0
20638,4,0,0,0,0
20639,4,0,0,0,0
20664,4,0,0,0,0
20668,4,0,0,0,0
20671,4,2,1,0,0
20672,4,3,0,0,0
20695,4,0,0,0,0
20700,4,0,0,0,0
20704,4,0,0,0,0
20729,4,0,0,0,0
20731,4,0,0,0,0
20732,4,0,0,0,0
20733,4,0,0,0,0
20759,4,0,0,0,0
20762,4,0,0,0,0
20765,4,0,1,0,0
20766,4,0,0,0,0
20787,4,0,0,0,0
20792,4,0,0,0,0
20795,4,0,0,0,0
20796,4,0,0,0,0
20797,4,0,0,0,0
20819,4,0,0,0,0
20822,4,0,0,0,0
20827,4,0,0,0,0
20828,4,0,0,0,0
20851,4,0,0,0,0
20854,4,0,0,0,0
20857,4,0,0,0,0
20858,4,0,0,0,0
20884,4,0,0,0,0
20889,4,0,0,0,0
20915,4,0,0,0,0
20918,4,0,0,0,0
20919,4,0,0,0,0
20942,4,0,0,0,0
20947,4,0,0,0,0
20948,4,0,1,0,0
20949,4,0,0,0,0
20973,4,0,0,0,0
20977,4,0,0,0,0
20978,4,0,0,0,0
20979,4,0,0,0,0
20999,4,0,0,0,0
21004,4,0,0,0,0
21007,4,0,0,0,0
21008,4,0,0,0,0
21030,4,0,0,0,0
21035,4,0,0,0,0
21040,4,0,0,0,0
21071,4,0,0,0,0
21072,4,0,0,0,0
21093,4,0,0,0,0
21098,4,0,0,0,0
21102,4,0,0,0,0
21103,4,0,0,0,0
21127,4,0,0,0,0
21129,4,0,0,0,0
21132,4,2,0,0,0
21133,4,1,0,0,0
21155,4,0,0,0,0
21157,4,0,0,0,0
21162,4,0,0,0,0
21163,4,0,0,0,0
21164,4,0,0,0,0
21187,4,0,0,0,0
21195,4,0,0,0,0
21196,4,2,0,0,0
21222,4,0,0,0,0
21227,4,0,1,0,0
21228,4,0,0,0,0
21249,4,0,0,0,0
21256,4,0,0,0,0
21258,4,0,0,0,0
21282,4,0,0,0,0
21288,4,0,0,0,0
21289,4,0,0,0,0
21314,4,0,0,0,0
21316,4,0,0,0,0
21320,4,0,0,0,0
21342,4,0,0,0,0
21346,4,0,0,0,0
21348,4,5,0,0,0
21349,4,4,0,0,0
21371,4,0,0,0,0
21376,4,0,0,0,0
21379,4,1,0,0,0
21380,4,8,0,0,0
21401,4,0,0,0,0
21407,4,0,0,0,0
21410,4,0,0,0,0
21411,4,0,0,0,0
21434,4,0,0,0,0
21440,4,0,0,0,0
21443,4,0,0,0,0
21444,4,0,0,0,0
21466,4,0,0,0,0
21472,4,0,0,0,0
21473,4,0,0,0,0
21474,4,0,0,0,0
21495,4,0,0,0,0
21499,4,0,0,0,0
21503,4,0,0,0,0
21504,4,0,0,0,0
21530,4,0,0,0,0
21533,4,0,0,0,0
21536,4,0,0,0,0
21561,4,0,0,0,0
21566,4,0,0,0,0
21567,4,0,0,0,0
21592,4,0,0,0,0
21594,4,0,0,0,0
21597,4,0,0,0,0
21598,4,0,0,0,0
21623,4,0,0,0,0
21627,4,0,0,0,0
21629,4,0,0,0,0
21631,4,0,0,0,0
21633,4,0,0,0,0
21634,4,0,0,0,0
21656,4,0,0,0,0
21661,4,0,0,0,0
21663,4,0,0,0,0
21664,4,0,0,0,0
21686,4,0,0,0,0
21692,4,0,0,0,0
21697,4,0,0,0,0
21698,4,0,0,0,0
21722,4,0,0,0,0
21724,4,0,0,0,0
21729,4,0,0,0,0
21757,4,0,0,0,0
21762,4,0,0,0,0
21763,4,0,0,0,0
21788,4,0,0,0,0
21793,4,0,0,0,0
21822,4,0,0,0,0
21823,4,0,0,0,0
21824,4,0,0,0,0
21849,4,0,0,0,0
21853,4,0,0,0,0
21854,4,0,1,0,0
21855,4,0,0,0,0
21879,4,0,0,0,0
21886,4,0,0,0,0
21888,4,0,0,0,0
21889,4,0,0,0,0
21910,4,0,0,0,0
21921,4,5,0,0,0
21922,4,3,1,0,0
21942,4,0,0,0,0
21946,4,0,0,0,0
21949,4,0,0,0,0
21950,4,0,0,0,0
21973,4,0,0,0,0
21975,4,0,0,0,0
21979,4,0,0,0,0
21980,4,0,0,0,0
22002,4,0,0,0,0
22005,4,0,0,0,0
22009,4,0,0,0,0
22010,4,0,0,0,0
22034,4,0,0,0,0
22038,4,0,0,0,0
22041,4,2,0,0,0
22042,4,3,0,0,0
22064,4,0,0,0,0
22069,4,0,0,0,0
22072,4,0,1,0,0
22073,4,0,1,0,0
22095,4,0,0,0,0
22099,4,0,0,0,0
22103,4,0,0,0,0
22104,4,0,0,0,0
22128,4,0,0,0,0
22134,4,0,0,0,0
22135,4,0,0,0,0
22136,4,0,0,0,0
22161,4,0,0,0,0
22162,4,0,0,0,0
22166,4,0,0,0,0
22167,4,0,0,0,0
22190,4,0,0,0,0
22197,4,0,0,0,0
22198,4,1,0,0,0
22199,4,5,1,0,0
22223,4,0,0,0,0
22231,4,0,0,0,0
22232,4,0,0,0,0
22262,4,0,0,0,0
22286,4,0,0,0,0
22295,4,0,1,0,0
22296,4,0,0,0,0
22321,4,0,0,0,0
22325,4,0,0,0,0
22327,4,0,0,0,0
22328,4,0,0,0,0
22349,4,0,0,0,0
22354,4,0,0,0,0
22357,4,0,0,0,0
22358,4,0,0,0,0
22379,4,0,0,0,0
22383,4,0,0,0,0
22388,4,0,0,0,0
22389,4,0,0,0,0
22413,4,0,0,0,0
22417,4,0,0,0,0
22420,4,0,0,0,0
22421,4,0,0,0,0
22444,4,0,0,0,0
22447,4,0,0,0,0
22449,4,0,0,0,0
22474,4,0,0,0,0
22479,4,0,0,0,0
22480,4,3,0,0,0
22504,4,0,0,0,0
22511,4,0,0,0,0
22512,4,0,0,0,0
22538,4,0,0,0,0
22545,4,0,0,0,0
22546,4,0,0,0,0
22572,4,0,0,0,0
22575,4,0,0,0,0
22579,4,0,0,0,0
22580,4,0,1,0,0
22602,4,0,0,0,0
22611,4,0,0,0,0
22612,4,0,0,0,0
22613,4,0,1,0,0
22636,4,0,0,0,0
22640,4,0,0,0,0
22641,4,0,1,0,0
22642,4,0,0,0,0
22666,4,0,0,0,0
22670,4,0,0,0,0
22671,4,0,0,0,0
22672,4,0,1,0,0
22698,4,0,0,0,0
22702,4,0,0,0,0
22703,4,0,0,0,0
22704,4,0,0,0,0
22727,4,0,0,0,0
22730,4,0,0,0,0
22733,4,0,0,0,0
22734,4,0,0,0,0
22756,4,0,0,0,0
22760,4,0,0,0,0
22763,4,0,0,0,0
22764,4,0,0,0,0
22789,4,0,0,0,0
22791,4,0,0,0,0
22792,4,0,0,0,0
22793,4,0,0,0,0
22819,4,0,0,0,0
22823,4,0,0,0,0
22824,4,0,0,0,0
22846,4,0,0,0,0
22850,4,0,0,0,0
22851,4,1,0,0,0
22852,4,4,0,0,0
22878,4,0,0,0,0
22879,4,0,0,0,0
22883,4,0,0,0,0
22884,4,0,0,0,0
22910,4,0,0,0,0
22914,4,0,0,0,0
22917,4,0,0,0,0
22918,4,0,0,0,0
22941,4,0,0,0,0
22944,4,0,0,0,0
22947,4,0,1,0,0
22948,4,0,0,0,0
22973,4,0,0,0,0
22976,4,0,0,0,0
22980,4,0,0,0,0
22981,4,0,0,0,0
23006,4,0,0,0,0
23009,4,0,0,0,0
23011,4,0,0,0,0
23012,4,0,0,0,0
23036,4,0,0,0,0
23038,4,0,0,0,0
23041,4,0,0,0,0
23042,4,0,0,0,0
23066,4,0,0,0,0
23070,4,0,0,0,0
23073,4,0,0,0,0
23074,4,0,0,0,0
23096,4,0,0,0,0
23101,4,0,0,0,0
23102,4,0,1,0,0
23103,4,0,0,0,0
23129,4,0,0,0,0
23133,4,0,0,0,0
23134,4,0,0,0,0
23156,4,0,0,0,0
23162,4,0,0,0,0
23165,4,0,0,0,0
23166,4,0,0,0,0
23189,4,0,0,0,0
23193,4,0,0,0,0
23196,4,0,0,0,0
23197,4,0,1,0,0
23218,4,0,0,0,0
23223,4,0,0,0,0
23227,4,0,0,0,0
23228,4,0,0,0,0
23251,4,0,0,0,0
23256,4,1,0,0,0
23257,4,3,0,0,0
23280,4,0,0,0,0
23286,4,0,0,0,0
23288,4,0,0,0,0
23316,4,0,0,0,0
23319,4,0,0,0,0
23320,4,0,0,0,0
23345,4,0,0,0,0
23346,4,0,0,0,0
23350,4,0,0,0,0
23351,4,0,0,0,0
23376,4,0,0,0,0
23381,4,0,0,0,0
23383,4,0,0,0,0
23384,4,0,0,0,0
23409,4,0,0,0,0
23412,4,0,0,0,0
23417,4,0,2,0,0
23418,4,0,0,0,0
23442,4,0,0,0,0
23444,4,0,0,0,0
23448,4,0,0,0,0
23449,4,0,0,0,0
23476,4,0,0,0,0
23478,4,3,0,0,0
23499,4,0,0,0,0
23504,4,0,0,0,0
23507,4,0,0,0,0
23508,4,0,0,0,0
23530,4,0,0,0,0
23533,4,0,0,0,0
23539,4,0,0,0,0
23542,4,0,0,0,0
23543,4,0,0,0,0
23567,4,0,0,0,0
23569,4,0,0,0,0
23570,4,0,0,0,0
23571,4,0,0,0,0
23595,4,0,0,0,0
23598,4,0,0,0,0
23602,4,0,0,0,0
23603,4,0,0,0,0
23626,4,0,0,0,0
23634,4,0,0,0,0
23635,4,0,0,0,0
23636,4,0,0,0,0
23658,4,0,0,0,0
23667,4,0,0,0,0
23668,4,0,0,0,0
23690,4,0,0,0,0
23696,4,0,0,0,0
23697,4,0,0,0,0
23698,4,0,1,0,0
23720,4,0,0,0,0
23725,4,0,0,0,0
23726,4,0,0,0,0
23727,4,0,0,0,0
23752,4,0,0,0,0
23754,4,0,0,0,0
23759,4,0,0,0,0
23760,4,0,0,0,0
23784,4,0,0,0,0
23786,4,0,0,0,0
23791,4,0,0,0,0
23792,4,0,0,0,0
23814,4,0,0,0,0
23821,4,0,0,0,0
23822,4,1,0,0,0
23823,4,2,0,0,0
23847,4,0,0,0,0
23848,4,0,0,0,0
23853,4,0,1,0,0
23854,4,0,0,0,0
23877,4,0,0,0,0
23882,4,0,0,0,0
23912,4,0,0,0,0
23915,4,0,0,0,0
23916,4,0,0,0,0
23936,4,0,0,0,0
23939,4,0,0,0,0
23968,4,0,0,0,0
23969,4,0,0,0,0
23991,4,0,0,0,0
23997,4,0,0,0,0
24001,4,0,0,0,0
24002,4,0,1,0,0
24024,4,0,0,0,0
24030,4,0,0,0,0
24031,4,0,1,0,0
24032,4,0,0,0,0
24056,4,0,0,0,0
24058,4,0,0,0,0
24061,4,0,0,0,0
24062,4,0,0,0,0
24086,4,0,0,0,0
24088,4,0,0,0,0
24092,4,0,0,0,0
24093,4,0,0,0,0
24122,4,0,0,0,0
24123,4,0,0,0,0
24124,4,0,1,0,0
24148,4,0,0,0,0
24150,4,0,0,0,0
24156,4,2,0,0,0
24157,4,3,0,0,0
24182,4,0,0,0,0
24187,4,0,0,0,0
24189,4,0,0,0,0
24190,4,0,0,0,0
24211,4,0,0,0,0
24212,4,0,0,0,0
24218,4,0,0,0,0
24219,4,0,0,0,0
24242,4,0,0,0,0
24250,4,0,0,0,0
24251,4,0,0,0,0
24273,4,0,0,0,0
24278,4,0,0,0,0
24282,4,0,0,0,0
24283,4,0,0,0,0
24304,4,0,0,0,0
24308,4,0,0,0,0
24309,4,0,0,0,0
24314,4,4,0,0,0
24315,4,2,0,0,0
24339,4,0,0,0,0
24342,4,0,0,0,0
24344,4,0,0,0,0
24345,4,0,0,0,0
24369,4,0,0,0,0
24371,4,0,0,0,0
24376,4,0,0,0,0
24400,4,0,0,0,0
24405,4,0,0,0,0
24406,4,0,0,0,0
24407,4,0,0,0,0
24428,4,0,0,0,0
24437,4,0,0,0,0
24438,4,0,0,0,0
24460,4,0,0,0,0
24463,4,0,0,0,0
24466,4,0,0,0,0
24467,4,0,0,0,0
24488,4,0,0,0,0
24495,4,0,0,0,0
24499,4,0,1,0,0
24500,4,0,0,0,0
24526,4,0,0,0,0
24528,4,0,0,0,0
24529,4,0,1,0,0
24553,4,0,0,0,0
24558,4,0,0,0,0
24561,4,0,0,0,0
24562,4,0,0,0,0
24587,4,0,0,0,0
24592,4,0,0,0,0
24593,4,0,0,0,0
24594,4,0,0,0,0
24623,4,0,0,0,0
24625,4,0,1,0,0
24626,4,0,0,0,0
24649,4,0,0,0,0
24658,4,0,0,0,0
24660,4,0,0,0,0
24661,4,0,0,0,0
24686,4,0,0,0,0
24689,4,0,0,0,0
24691,4,0,0,0,0
24692,4,0,0,0,0
24713,4,0,0,0,0
24722,4,0,0,0,0
24724,4,0,0,0,0
24725,4,0,0,0,0
24747,4,0,0,0,0
24756,4,3,0,0,0
24757,4,4,0,0,0
24780,4,0,0,0,0
24787,4,0,0,0,0
24788,4,0,0,0,0
24812,4,0,0,0,0
24813,4,0,0,0,0
24818,4,0,0,0,0
24819,4,0,0,0,0
24820,4,0,0,0,0
24844,4,0,0,0,0
24849,4,0,0,0,0
24851,4,0,0,0,0
24852,4,0,0,0,0
24873,4,0,0,0,0
24877,4,0,0,0,0
24880,4,0,0,0,0
24903,4,0,0,0,0
24910,4,0,0,0,0
24911,4,0,0,0,0
24930,4,0,0,0,0
24935,4,0,0,0,0
24937,4,0,0,0,0
24938,4,0,0,0,0
24961,4,0,0,0,0
24964,4,0,0,0,0
24965,4,0,0,0,0
24966,4,0,0,0,0
24988,4,0,0,0,0
24993,4,0,0,0,0
24996,4,0,1,0,0
25023,4,0,0,0,0
25024,4,0,0,0,0
25025,4,0,0,0,0
25047,4,0,0,0,0
25053,4,0,0,0,0
25054,4,0,0,0,0
25055,4,0,0,0,0
25077,4,0,0,0,0
25084,4,0,0,0,0
25085,4,0,0,0,0
25106,4,0,0,0,0
25111,4,0,0,0,0
25114,4,0,0,0,0
25115,4,0,0,0,0
25136,4,0,0,0,0
25142,4,0,0,0,0
25144,4,0,0,0,0
25145,4,0,0,0,0
25168,4,0,0,0,0
25171,4,0,0,0,0
25173,4,0,0,0,0
25174,4,0,0,0,0
25199,4,0,0,0,0
25203,4,0,0,0,0
25204,4,0,0,0,0
25228,4,0,0,0,0
25230,4,0,0,0,0
25232,4,0,0,0,0
25235,4,0,0,0,0
25236,4,0,0,0,0
25261,4,0,0,0,0
25262,4,0,0,0,0
25263,4,0,0,0,0
25288,4,0,0,0,0
25291,4,0,0,0,0
25293,4,0,0,0,0
25294,4,0,0,0,0
25316,4,0,0,0,0
25320,4,0,0,0,0
25323,4,0,0,0,0
25324,4,0,0,0,0
25350,4,0,0,0,0
25354,4,0,0,0,0
25355,4,0,0,0,0
25375,4,0,0,0,0
25383,4,0,0,0,0
25385,4,0,0,0,0
25386,4,0,0,0,0
25412,4,0,0,0,0
25415,4,0,0,0,0
25417,4,0,0,0,0
25418,4,0,1,0,0
25437,4,0,0,0,0
25443,4,0,0,0,0
25446,4,2,0,0,0
25447,4,2,0,0,0
25469,4,0,0,0,0
25476,4,0,0,0,0
25477,4,0,0,0,0
25478,4,0,0,0,0
25500,4,0,0,0,0
25504,4,0,0,0,0
25506,4,1,0,0,0
25507,4,7,0,0,0
25529,4,0,0,0,0
25531,4,0,0,0,0
25535,4,0,0,0,0
25536,4,0,0,0,0
25560,4,0,0,0,0
25567,4,0,0,0,0
25569,4,0,0,0,0
25570,4,0,0,0,0
25591,4,0,0,0,0
25598,4,0,0,0,0
25599,4,0,1,0,0
25621,4,0,0,0,0
25630,4,0,0,0,0
25631,4,0,0,0,0
25653,4,0,0,0,0
25656,4,0,0,0,0
25660,4,0,0,0,0
25661,4,0,0,0,0
25682,4,0,0,0,0
25692,4,0,0,0,0
25693,4,0,0,0,0
25713,4,0,0,0,0
25718,4,0,0,0,0
25720,4,0,0,0,0
25721,4,0,0,0,0
25743,4,0,0,0,0
25750,4,0,0,0,0
25774,4,0,0,0,0
25779,4,0,0,0,0
25780,4,0,0,0,0
25801,4,0,0,0,0
25805,4,0,0,0,0
25809,4,0,0,0,0
25810,4,0,0,0,0
25831,4,0,0,0,0
25833,4,0,0,0,0
25835,4,0,0,0,0
25860,4,0,0,0,0
25864,4,0,0,0,0
25865,4,0,0,0,0
25866,4,0,0,0,0
25889,4,0,0,0,0
25892,4,0,0,0,0
25917,4,0,0,0,0
25921,4,0,1,0,0
25922,4,0,0,0,0
25944,4,0,0,0,0
25951,4,0,0,0,0
25952,4,0,0,0,0
25953,4,0,0,0,0
25979,4,0,0,0,0
25985,4,0,0,0,0
25986,4,0,0,0,0
25987,4,0,0,0,0
26010,4,0,0,0,0
26018,4,0,0,0,0
26019,4,0,0,0,0
26044,4,0,0,0,0
26049,4,0,0,0,0
26050,4,0,0,0,0
26051,4,0,0,0,0
26074,4,0,0,0,0
26078,4,0,0,0,0
26083,4,0,0,0,0
26109,4,0,0,0,0
26111,4,0,0,0,0
26112,4,0,1,0,0
26136,4,0,0,0,0
26141,4,0,0,0,0
26142,4,0,0,0,0
26143,4,0,0,0,0
26166,4,0,0,0,0
26170,4,0,0,0,0
26171,4,0,0,0,0
26172,4,0,0,0,0
26193,4,0,0,0,0
26198,4,0,0,0,0
26202,4,0,0,0,0
26203,4,0,0,0,0
26226,4,0,0,0,0
26230,4,0,0,0,0
26233,4,0,1,0,0
26234,4,0,0,0,0
26255,4,0,0,0,0
26260,4,0,0,0,0
26262,4,0,0,0,0
26263,4,0,0,0,0
26284,4,0,0,0,0
26291,4,0,0,0,0
26293,4,0,0,0,0
26294,4,0,0,0,0
26318,4,0,0,0,0
26320,4,0,0,0,0
26327,4,4,0,0,0
26351,4,0,0,0,0
26354,4,0,0,0,0
26356,4,0,0,0,0
26357,4,0,0,0,0
26378,4,0,0,0,0
26384,4,0,0,0,0
26388,4,0,0,0,0
26389,4,0,0,0,0
26413,4,0,0,0,0
26418,4,0,0,0,0
26419,4,0,0,0,0
26420,4,0,0,0,0
26440,4,0,0,0,0
26445,4,0,0,0,0
26448,4,0,0,0,0
26449,4,0,0,0,0
26473,4,0,0,0,0
26475,4,0,0,0,0
26479,4,0,0,0,0
26480,4,0,0,0,0
26500,4,0,0,0,0
26508,4,0,1,0,0
26533,4,0,0,0,0
26544,4,0,0,0,0
26568,4,0,0,0,0
26569,4,0,0,0,0
26572,4,0,0,0,0
26574,4,0,0,0,0
26575,4,0,1,0,0
26597,4,0,0,0,0
26603,4,0,0,0,0
26604,4,0,0,0,0
26628,4,0,0,0,0
26633,4,0,0,0,0
26635,4,0,0,0,0
26636,4,0,0,0,0
26660,4,0,0,0,0
26665,4,0,0,0,0
26693,4,0,0,0,0
26695,4,0,0,0,0
26696,4,0,0,0,0
26721,4,0,0,0,0
26726,4,0,0,0,0
26727,4,0,0,0,0
26747,4,0,0,0,0
26753,4,0,0,0,0
26754,4,0,0,0,0
26756,4,0,0,0,0
26757,4,0,0,0,0
26778,4,0,0,0,0
26782,4,0,0,0,0
26785,4,2,0,0,0
26786,4,5,0,0,0
26807,4,0,0,0,0
26809,4,0,0,0,0
26811,4,0,0,0,0
26813,4,0,0,0,0
26814,4,0,0,0,0
26838,4,0,0,0,0
26845,4,0,0,0,0
26846,4,0,0,0,0
26847,4,0,0,0,0
26869,4,0,0,0,0
26873,4,0,0,0,0
26876,4,0,0,0,0
26877,4,0,0,0,0
26900,4,0,0,0,0
26901,4,0,0,0,0
26904,4,0,0,0,0
26907,4,0,0,0,0
26908,4,0,0,0,0
26930,4,0,0,0,0
26937,4,0,0,0,0
26939,4,0,0,0,0
26960,4,0,0,0,0
26971,4,0,0,0,0
26993,4,0,0,0,0
26995,4,0,0,0,0
26996,4,0,0,0,0
26997,4,0,0,0,0
27020,4,0,0,0,0
27022,4,0,0,0,0
27026,4,0,0,0,0
27027,4,0,0,0,0
27049,4,0,0,0,0
27057,4,0,0,0,0
27058,4,0,0,0,0
27082,4,0,0,0,0
27085,4,0,0,0,0
27090,4,0,0,0,0
27091,4,0,0,0,0
27112,4,0,0,0,0
27116,4,0,0,0,0
27118,4,0,0,0,0
27119,4,0,0,0,0
27142,4,0,0,0,0
27146,4,0,0,0,0
27148,4,0,0,0,0
27150,4,0,0,0,0
27151,4,0,0,0,0
27176,4,0,0,0,0
27180,4,0,0,0,0
27183,4,0,1,0,0
27211,4,0,0,0,0
27214,4,0,0,0,0
27215,4,0,0,0,0
27238,4,0,0,0,0
27242,4,0,0,0,0
27245,4,0,0,0,0
27246,4,0,0,0,0
27479,4,0,0,0,0
27486,4,0,0,0,0
27487,4,4,0,0,0
27497,4,3,0,0,0
27510,4,0,0,0,0
27511,4,0,0,0,0
27513,4,0,0,0,0
27524,4,0,0,0,0
27535,4,0,0,0,0
27536,4,0,0,0,0
27544,4,0,0,0,0
27558,4,0,0,0,0
27568,4,0,0,0,0
27573,4,0,0,0,0
27577,4,0,0,0,0
27588,4,0,0,0,0
27600,4,0,0,0,0
27603,4,0,0,0,0
27606,4,0,0,0,0
27617,4,0,0,0,0
27631,4,0,0,0,0
27633,4,0,0,0,0
27634,4,0,0,0,0
27645,4,0,1,0,0
27657,4,0,0,0,0
27661,4,0,0,0,0
27673,4,0,0,0,0
27687,4,0,0,0,0
27691,4,0,0,0,0
27703,4,0,0,0,0
27716,4,0,0,0,0
27720,4,0,0,0,0
27721,4,0,0,0,0
27732,4,0,0,0,0
27749,4,0,0,0,0
27751,4,0,0,0,0
27752,4,4,0,0,0
27763,4,2,0,0,0
27775,4,0,0,0,0
27780,4,0,0,0,0
27781,4,0,0,0,0
27792,4,0,0,0,0
27804,4,0,0,0,0
27806,4,0,0,0,0
27808,4,0,0,0,0
27819,4,0,0,0,0
27829,4,0,0,0,0
27838,4,0,0,0,0
27848,4,0,0,0,0
27860,4,0,0,0,0
27864,4,0,0,0,0
27866,4,0,0,0,0
27877,4,0,0,0,0
27896,4,0,0,0,0
27906,4,0,0,0,0
27923,4,0,0,0,0
27926,4,0,0,0,0
27927,4,0,0,0,0
27937,4,0,0,0,0
27951,4,0,0,0,0
27958,4,0,0,0,0
27969,4,0,0,0,0
27983,4,0,0,0,0
27984,4,0,0,0,0
27990,4,0,0,0,0
27991,4,0,0,0,0
28002,4,0,0,0,0
28013,4,0,0,0,0
28016,4,0,0,0,0
28029,4,0,0,0,0
28050,4,0,0,0,0
28052,4,0,0,0,0
28073,4,0,0,0,0
28075,4,0,0,0,0
28076,4,0,0,0,0
28087,4,0,0,0,0
28098,4,0,0,0,0
28106,4,0,0,0,0
28107,4,0,0,0,0
28116,4,0,0,0,0
28129,4,0,0,0,0
28132,4,0,0,0,0
28135,4,0,0,0,0
28146,4,0,0,0,0
28159,4,0,0,0,0
28164,4,0,0,0,0
28166,4,0,0,0,0
28177,4,0,0,0,0
28190,4,0,0,0,0
28191,4,0,0,0,0
28196,4,0,0,0,0
28197,4,0,0,0,0
28208,4,0,0,0,0
28223,4,0,0,0,0
28227,4,0,0,0,0
28252,4,0,0,0,0
28254,4,0,0,0,0
28258,4,0,0,0,0
28269,4,0,0,0,0
28279,4,0,0,0,0
28284,4,0,0,0,0
28285,4,0,0,0,0
28296,4,0,0,0,0
28310,4,0,0,0,0
28315,4,0,0,0,0
28317,4,0,0,0,0
28345,4,0,0,0,0
28346,4,0,0,0,0
28357,4,0,0,0,0
28370,4,0,0,0,0
28375,4,0,1,0,0
28385,4,0,0,0,0
28397,4,0,0,0,0
28403,4,0,0,0,0
28404,4,0,0,0,0
28415,4,0,0,0,0
28427,4,0,0,0,0
28430,4,0,0,0,0
28435,4,0,0,0,0
28448,4,0,0,0,0
28461,4,0,0,0,0
28464,4,0,0,0,0
28475,4,5,0,0,0
28491,4,0,0,0,0
28494,4,0,0,0,0
28505,4,0,0,0,0
28518,4,0,0,0,0
28522,4,0,0,0,0
28526,4,1,0,0,0
28535,4,6,0,0,0
28546,4,0,0,0,0
28551,4,0,0,0,0
28565,4,0,0,0,0
28578,4,0,0,0,0
28582,4,0,0,0,0
28583,4,0,0,0,0
28594,4,0,0,0,0
28604,4,0,0,0,0
28606,4,0,0,0,0
28618,4,0,0,0,0
28629,4,0,0,0,0
28637,4,0,0,0,0
28648,4,0,0,0,0
28662,4,0,0,0,0
28665,4,0,0,0,0
28678,4,0,0,0,0
28693,4,0,0,0,0
28698,4,0,0,0,0
28700,4,0,0,0,0
28711,4,0,0,0,0
28723,4,0,0,0,0
28725,4,0,0,0,0
28728,4,0,0,0,0
28730,4,0,0,0,0
28741,4,0,0,0,0
28756,4,0,0,0,0
28767,4,0,0,0,0
28780,4,0,0,0,0
28782,4,0,0,0,0
28786,4,0,0,0,0
28796,4,0,0,0,0
28807,4,0,0,0,0
28814,4,0,0,0,0
28817,4,0,0,0,0
28841,4,0,0,0,0
28846,4,0,0,0,0
28847,4,0,0,0,0
28858,4,0,0,0,0
28871,4,0,0,0,0
28874,4,0,0,0,0
28877,4,0,0,0,0
28888,4,0,0,0,0
28901,4,0,0,0,0
28904,4,0,0,0,0
28905,4,0,0,0,0
28928,4,0,0,0,0
28931,4,0,0,0,0
28942,4,0,0,0,0
28958,4,0,0,0,0
28961,4,0,0,0,0
28972,4,0,0,0,0
28986,4,0,0,0,0
28990,4,0,1,0,0
29001,4,0,0,0,0
29013,4,0,0,0,0
29021,4,0,0,0,0
29022,4,0,0,0,0
29032,4,0,0,0,0
29046,4,0,0,0,0
29052,4,0,0,0,0
29053,4,0,0,0,0
29064,4,0,0,0,0
29077,4,0,0,0,0
29080,4,0,0,0,0
29083,4,0,0,0,0
29094,4,0,0,0,0
29106,4,0,0,0,0
29110,4,0,0,0,0
29122,4,0,0,0,0
29142,4,0,0,0,0
29143,4,0,0,0,0
29154,4,0,0,0,0
29167,4,0,0,0,0
29173,4,0,0,0,0
29183,4,0,0,0,0
29193,4,0,0,0,0
29197,4,0,0,0,0
29199,4,0,0,0,0
29208,4,0,1,0,0
29219,4,0,0,0,0
29224,4,0,0,0,0
29251,4,0,0,0,0
29253,4,0,0,0,0
29280,4,0,0,0,0
29283,4,0,0,0,0
29292,4,0,0,0,0
29302,4,0,0,0,0
29309,4,0,0,0,0
29310,4,0,0,0,0
29321,4,0,0,0,0
29334,4,0,0,0,0
29338,4,0,0,0,0
29340,4,0,0,0,0
29350,4,0,0,0,0
29363,4,0,0,0,0
29368,4,0,0,0,0
29369,4,0,0,0,0
29393,4,0,0,0,0
29400,4,0,0,0,0
29412,4,0,0,0,0
29423,4,0,0,0,0
29431,4,0,0,0,0
29433,4,0,0,0,0
29444,4,0,0,0,0
29462,4,0,0,0,0
29464,4,0,0,0,0
29474,4,0,0,0,0
29484,4,0,0,0,0
29493,4,0,0,0,0
29506,4,0,1,0,0
29517,4,0,0,0,0
29522,4,0,0,0,0
29526,4,0,0,0,0
29537,4,0,0,0,0
29549,4,0,0,0,0
29551,4,0,0,0,0
29554,4,0,0,0,0
29563,4,0,0,0,0
29577,4,0,0,0,0
29579,4,0,0,0,0
29606,4,0,0,0,0
29609,4,0,0,0,0
29613,4,0,0,0,0
29624,4,0,0,0,0
29640,4,0,0,0,0
29644,4,0,0,0,0
29646,4,0,0,0,0
29656,4,0,0,0,0
29674,4,0,0,0,0
29676,4,0,0,0,0
29686,4,0,0,0,0
29698,4,0,0,0,0
29701,4,0,0,0,0
29702,4,0,0,0,0
29711,4,0,0,0,0
29724,4,0,0,0,0
29728,4,0,0,0,0
29729,4,0,0,0,0
29739,4,0,0,0,0
29754,4,0,0,0,0
29760,4,0,0,0,0
29773,4,0,0,0,0
29783,4,0,0,0,0
29788,4,0,0,0,0
29792,4,0,0,0,0
29803,4,0,1,0,0
29818,4,0,0,0,0
29819,4,0,0,0,0
29822,4,0,0,0,0
29833,4,0,0,0,0
29846,4,0,0,0,0
29855,4,0,0,0,0
29856,4,0,0,0,0
29867,4,0,0,0,0
29881,4,0,0,0,0
29883,4,0,0,0,0
29896,4,0,0,0,0
29909,4,0,0,0,0
29912,4,0,0,0,0
29914,4,0,0,0,0
29925,4,0,0,0,0
29936,4,0,0,0,0
29937,4,0,0,0,0
29941,4,0,0,0,0
29952,4,0,0,0,0
29963,4,0,0,0,0
29966,4,0,0,0,0
29979,4,0,0,0,0
29996,4,0,0,0,0
29998,4,0,1,0,0
30009,4,0,0,0,0
30024,4,0,0,0,0
30028,4,0,1,0,0
30039,4,0,0,0,0
30055,4,0,0,0,0
30056,4,0,0,0,0
30079,4,0,0,0,0
30086,4,6,0,0,0
30096,4,6,0,0,0
30107,4,0,0,0,0
30113,4,0,0,0,0
30124,4,0,0,0,0
30135,4,0,0,0,0
30142,4,0,0,0,0
30154,4,0,0,0,0
30165,4,0,0,0,0
30171,4,0,0,0,0
30174,4,0,0,0,0
30185,4,0,0,0,0
30198,4,0,0,0,0
30205,4,0,0,0,0
30207,4,0,0,0,0
30217,4,0,0,0,0
30228,4,0,0,0,0
30233,4,0,0,0,0
30242,4,0,0,0,0
30258,4,0,0,0,0
30269,4,0,0,0,0
30282,4,0,0,0,0
30284,4,0,0,0,0
30287,4,0,1,0,0
30297,4,0,0,0,0
30310,4,0,0,0,0
30314,4,0,0,0,0
30317,4,0,0,0,0
30328,4,0,0,0,0
30339,4,0,0,0,0
30346,4,0,0,0,0
30355,4,0,1,0,0
30367,4,0,0,0,0
30374,4,0,0,0,0
30376,4,0,0,0,0
30387,4,0,0,0,0
30399,4,0,0,0,0
30402,4,0,0,0,0
30408,4,0,0,0,0
30420,4,0,0,0,0
30432,4,0,0,0,0
30438,4,0,0,0,0
30448,4,0,0,0,0
30459,4,0,0,0,0
30468,4,0,0,0,0
30469,4,0,0,0,0
30480,4,0,0,0,0
30499,4,0,0,0,0
30503,4,0,0,0,0
30514,4,0,0,0,0
30525,4,0,0,0,0
30530,4,0,0,0,0
30534,4,0,0,0,0
30546,4,0,0,0,0
30558,4,0,0,0,0
30565,4,0,0,0,0
30575,4,0,0,0,0
30592,4,0,0,0,0
30595,4,0,1,0,0
30622,4,0,0,0,0
30644,4,0,0,0,0
30653,4,0,0,0,0
30654,4,0,0,0,0
30674,4,0,0,0,0
30682,4,0,0,0,0
30692,4,4,0,0,0
30704,4,0,0,0,0
30708,4,0,0,0,0
30711,4,0,0,0,0
30722,4,0,0,0,0
30731,4,0,0,0,0
30738,4,0,0,0,0
30739,4,0,1,0,0
30750,4,0,0,0,0
30761,4,0,0,0,0
30766,4,0,0,0,0
30768,4,0,0,0,0
30779,4,0,0,0,0
30792,4,0,0,0,0
30795,4,0,0,0,0
30798,4,0,0,0,0
30808,4,0,1,0,0
30821,4,0,0,0,0
30825,4,0,0,0,0
30826,4,0,0,0,0
30848,4,0,0,0,0
30855,4,0,0,0,0
30866,4,0,0,0,0
30875,4,0,0,0,0
30881,4,0,0,0,0
30882,4,0,0,0,0
30894,4,0,1,0,0
30905,4,0,0,0,0
30908,4,0,0,0,0
30909,4,0,0,0,0
30919,4,0,0,0,0
30930,4,0,0,0,0
30937,4,0,0,0,0
30948,4,0,0,0,0
30961,4,0,0,0,0
30966,4,0,0,0,0
30967,4,0,0,0,0
30978,4,0,0,0,0
30991,4,0,0,0,0
30997,4,0,0,0,0
31000,4,0,0,0,0
31011,4,0,1,0,0
31024,4,0,0,0,0
31028,4,0,0,0,0
31052,4,0,0,0,0
31054,4,0,0,0,0
31057,4,0,0,0,0
31068,4,0,1,0,0
31081,4,0,0,0,0
31088,4,0,0,0,0
31099,4,0,0,0,0
31109,4,0,0,0,0
31115,4,0,0,0,0
31118,4,0,0,0,0
31128,4,0,0,0,0
31137,4,0,0,0,0
31141,4,0,0,0,0
31145,4,2,0,0,0
31156,4,5,0,0,0
31168,4,0,0,0,0
31172,4,0,0,0,0
31173,4,0,0,0,0
31182,4,0,0,0,0
31195,4,0,0,0,0
31200,4,0,0,0,0
31213,4,0,0,0,0
31237,4,0,0,0,0
31247,4,0,1,0,0
31260,4,0,0,0,0
31263,4,0,0,0,0
31264,4,0,0,0,0
31275,4,0,1,0,0
31288,4,0,0,0,0
31289,4,0,0,0,0
31292,4,0,0,0,0
31303,4,0,0,0,0
31316,4,0,0,0,0
31325,4,0,0,0,0
31335,4,0,1,0,0
31349,4,0,0,0,0
31357,4,0,0,0,0
31368,4,0,0,0,0
31385,4,0,0,0,0
31386,4,0,0,0,0
31398,4,0,0,0,0
31409,4,0,0,0,0
31415,4,0,0,0,0
31417,4,0,0,0,0
31426,4,0,0,0,0
31437,4,0,0,0,0
31441,4,0,0,0,0
31445,4,0,1,0,0
31456,4,0,0,0,0
31467,4,0,0,0,0
31471,4,0,0,0,0
31484,4,0,0,0,0
31494,4,0,0,0,0
31496,4,0,0,0,0
31499,4,0,0,0,0
31503,4,0,0,0,0
31514,4,0,0,0,0
31529,4,0,0,0,0
31533,4,0,0,0,0
31559,4,0,0,0,0
31567,4,0,0,0,0
31578,4,0,2,0,0
31593,4,0,0,0,0
31595,4,0,0,0,0
31606,4,0,0,0,0
31616,4,0,0,0,0
31623,4,0,0,0,0
31624,4,0,0,0,0
31635,4,0,0,0,0
31649,4,0,0,0,0
31652,4,0,0,0,0
31653,4,0,0,0,0
31663,4,0,0,0,0
31675,4,0,0,0,0
31684,4,0,0,0,0
31695,4,0,1,0,0
31707,4,0,0,0,0
31711,4,0,0,0,0
31714,4,0,0,0,0
31725,4,0,0,0,0
31737,4,0,0,0,0
31740,4,0,0,0,0
31745,4,0,0,0,0
31767,4,0,0,0,0
31768,4,0,0,0,0
31773,4,0,0,0,0
31784,4,0,0,0,0
31796,4,0,0,0,0
31797,4,0,0,0,0
31804,4,0,0,0,0
31805,4,0,0,0,0
31816,4,0,0,0,0
31828,4,0,0,0,0
31833,4,0,0,0,0
31845,4,0,0,0,0
31863,4,0,0,0,0
31864,4,0,1,0,0
31875,4,0,0,0,0
31885,4,0,0,0,0
31890,4,0,0,0,0
31901,4,0,1,0,0
31912,4,0,0,0,0
31920,4,0,0,0,0
31921,4,0,0,0,0
31933,4,0,0,0,0
31942,4,0,0,0,0
31950,4,0,0,0,0
31951,4,3,0,0,0
31962,4,4,0,0,0
31975,4,0,0,0,0
31981,4,0,0,0,0
31992,4,0,0,0,0
32010,4,0,0,0,0
32016,4,0,0,0,0
32039,4,0,0,0,0
32047,4,0,0,0,0
32058,4,0,0,0,0
32073,4,0,0,0,0
32076,4,0,0,0,0
32078,4,0,0,0,0
32090,4,0,0,0,0
32104,4,0,0,0,0
32105,4,0,0,0,0
32110,4,0,0,0,0
32120,4,0,0,0,0
32140,4,0,0,0,0
32151,4,0,0,0,0
32164,4,0,0,0,0
32170,4,0,0,0,0
32181,4,0,1,0,0
32211,4,0,0,0,0
32223,4,0,0,0,0
32229,4,0,0,0,0
32230,4,0,0,0,0
32241,4,3,0,0,0
32253,4,0,0,0,0
32255,4,0,0,0,0
32256,4,0,0,0,0
32267,4,0,0,0,0
32279,4,0,0,0,0
32283,4,0,0,0,0
32284,4,0,0,0,0
32293,4,0,0,0,0
32307,4,0,0,0,0
32312,4,0,0,0,0
32313,4,0,0,0,0
32324,4,0,0,0,0
32335,4,0,0,0,0
32343,4,0,0,0,0
32344,4,4,0,0,0
32355,4,2,1,0,0
32371,4,0,0,0,0
32374,4,0,0,0,0
32384,4,0,0,0,0
32394,4,0,0,0,0
32402,4,0,0,0,0
32403,4,0,1,0,0
32414,4,0,1,0,0
32431,4,0,0,0,0
32434,4,0,0,0,0
32435,4,0,0,0,0
32446,4,0,0,0,0
32459,4,0,0,0,0
32464,4,0,0,0,0
32466,4,0,0,0,0
32476,4,0,0,0,0
32490,4,0,0,0,0
32492,4,0,0,0,0
32496,4,0,0,0,0
32506,4,0,0,0,0
32520,4,0,0,0,0
32522,4,0,0,0,0
32523,4,0,0,0,0
32534,4,0,0,0,0
32547,4,0,0,0,0
32551,4,0,0,0,0
32552,4,0,0,0,0
32562,4,0,0,0,0
32574,4,0,0,0,0
32579,4,0,0,0,0
32581,4,0,0,0,0
32591,4,0,0,0,0
32602,4,0,0,0,0
32611,4,0,0,0,0
32623,4,0,0,0,0
32636,4,0,0,0,0
32638,4,0,0,0,0
32642,4,0,0,0,0
32652,4,0,1,0,0
32666,4,0,0,0,0
32675,4,0,0,0,0
32676,4,0,0,0,0
32686,4,0,0,0,0
32716,4,0,0,0,0
32733,4,0,0,0,0
32737,4,0,0,0,0
32748,4,0,0,0,0
32763,4,0,0,0,0
32767,4,0,0,0,0
32778,4,0,0,0,0
32793,4,0,0,0,0
32794,4,0,0,0,0
32799,4,0,0,0,0
32809,4,0,0,0,0
32822,4,0,0,0,0
32825,4,0,0,0,0
32829,4,0,0,0,0
32840,4,0,2,0,0
32851,4,0,0,0,0
32853,4,0,0,0,0
32857,4,0,0,0,0
32868,4,0,0,0,0
32880,4,0,0,0,0
32884,4,0,0,0,0
32887,4,0,0,0,0
32900,4,0,0,0,0
32912,4,0,0,0,0
32914,4,0,0,0,0
32918,4,0,0,0,0
32928,4,0,0,0,0
32940,4,0,0,0,0
32947,4,0,0,0,0
32958,4,0,0,0,0
32977,4,0,0,0,0
32978,4,0,0,0,0
32989,4,0,0,0,0
33000,4,0,0,0,0
33008,4,0,0,0,0
33009,4,0,0,0,0
33019,4,0,0,0,0
33033,4,0,0,0,0
33037,4,0,0,0,0
33040,4,0,0,0,0
33051,4,0,1,0,0
33061,4,0,0,0,0
33065,4,0,0,0,0
33078,4,0,0,0,0
33088,4,0,0,0,0
33093,4,0,0,0,0
33094,4,0,0,0,0
33117,4,0,0,0,0
33127,4,0,0,0,0
33139,4,0,0,0,0
33153,4,0,0,0,0
33155,4,0,0,0,0
33158,4,5,0,0,0
33168,4,4,1,0,0
33186,4,0,0,0,0
33189,4,0,0,0,0
33198,4,0,0,0,0
33214,4,0,0,0,0
33216,4,0,0,0,0
33227,4,0,0,0,0
33239,4,0,0,0,0
33248,4,0,0,0,0
33249,4,0,0,0,0
33260,4,0,0,0,0
33272,4,0,0,0,0
33276,4,0,0,0,0
33278,4,0,0,0,0
33289,4,0,0,0,0
33303,4,0,0,0,0
33309,4,0,0,0,0
33319,4,0,0,0,0
33329,4,0,0,0,0
33334,4,0,0,0,0
33336,4,0,0,0,0
33347,4,0,0,0,0
33358,4,0,0,0,0
33366,4,0,0,0,0
33367,4,0,0,0,0
33389,4,0,0,0,0
33392,4,0,0,0,0
33402,4,0,0,0,0
33414,4,0,0,0,0
33418,4,0,0,0,0
33421,4,0,1,0,0
33431,4,0,0,0,0
33444,4,0,0,0,0
33449,4,0,0,0,0
33451,4,0,0,0,0
33461,4,0,0,0,0
33477,4,0,0,0,0
33478,4,0,0,0,0
33489,4,0,0,0,0
33506,4,0,0,0,0
33507,4,0,0,0,0
33512,4,0,2,0,0
33523,4,0,0,0,0
33534,4,0,0,0,0
33535,4,0,0,0,0
33542,4,0,0,0,0
33544,4,0,0,0,0
33552,4,0,0,0,0
33566,4,0,0,0,0
33568,4,0,0,0,0
33572,4,0,0,0,0
33583,4,0,0,0,0
33597,4,0,0,0,0
33601,4,0,0,0,0
33607,4,4,0,0,0
33617,4,0,0,0,0
33630,4,0,0,0,0
33635,4,0,0,0,0
33647,4,0,0,0,0
33657,4,0,0,0,0
33661,4,0,0,0,0
33672,4,0,0,0,0
33686,4,0,0,0,0
33694,4,5,0,0,0
33705,4,5,0,0,0
33716,4,0,0,0,0
33718,4,0,0,0,0
33721,4,0,0,0,0
33732,4,0,0,0,0
33746,4,0,0,0,0
33750,4,0,0,0,0
33752,4,0,0,0,0
33774,4,0,0,0,0
33780,4,0,0,0,0
33791,4,0,0,0,0
33805,4,0,0,0,0
33808,4,0,0,0,0
33810,4,0,0,0,0
33821,4,0,0,0,0
33838,4,0,0,0,0
33853,4,0,0,0,0
33872,4,0,0,0,0
33875,4,0,0,0,0
33887,4,0,0,0,0
33900,4,0,0,0,0
33904,4,0,0,0,0
33905,4,0,0,0,0
33916,4,0,0,0,0
33929,4,0,0,0,0
33936,4,0,0,0,0
33947,4,0,0,0,0
33958,4,0,0,0,0
33963,4,0,0,0,0
33970,4,0,0,0,0
33981,4,0,0,0,0
33992,4,0,0,0,0
33994,4,0,0,0,0
33998,4,0,1,0,0
34008,4,0,0,0,0
34018,4,0,0,0,0
34022,4,0,0,0,0
34025,4,0,0,0,0
34036,4,0,0,0,0
34051,4,0,0,0,0
34058,4,0,1,0,0
34068,4,0,0,0,0
34083,4,0,0,0,0
34085,4,0,0,0,0
34087,4,0,0,0,0
34095,4,0,0,0,0
34110,4,0,0,0,0
34120,4,4,0,0,0
34132,4,0,0,0,0
34140,4,0,0,0,0
34141,4,0,1,0,0
34150,4,0,0,0,0
34163,4,0,0,0,0
34166,4,0,0,0,0
34167,4,0,0,0,0
34169,4,0,0,0,0
34180,4,0,0,0,0
34194,4,0,0,0,0
34198,4,0,0,0,0
34203,4,1,0,0,0
34214,4,3,0,0,0
34224,4,0,0,0,0
34226,4,0,0,0,0
34227,4,3,0,0,0
34235,4,8,0,0,0
34245,4,0,0,0,0
34246,4,0,0,0,0
34247,4,2,0,0,0
34256,4,2,0,0,0
34267,4,0,0,0,0
34271,4,4,0,0,0
34282,4,3,0,0,0
34296,4,0,0,0,0
34308,4,3,0,0,0
34322,4,0,0,0,0
34323,4,3,0,0,0
34333,4,2,0,0,0
34345,4,0,0,0,0
34353,4,0,0,0,0
34362,4,3,0,0,0
34376,4,2,0,0,0
34394,4,0,0,0,0
34399,4,0,0,0,0
34410,4,7,0,0,0
34427,4,0,0,0,0
34430,4,4,0,0,0
34441,4,5,0,0,0
34452,4,0,0,0,0
34453,4,0,0,0,0
34455,4,0,0,0,0
34464,4,6,0,0,0
34476,4,0,0,0,0
34479,4,2,0,0,0
34499,4,0,0,0,0
34500,4,0,0,0,0
34503,4,4,1,0,0
34514,4,0,1,0,0
34525,4,0,0,0,0
34532,4,0,0,0,0
34534,4,3,0,0,0
34555,4,0,0,0,0
34558,4,1,0,0,0
34569,4,3,0,0,0
34578,4,0,0,0,0
34583,4,0,0,0,0
34587,4,3,0,0,0
34597,4,2,0,0,0
34608,4,0,0,0,0
34612,4,0,0,0,0
34623,4,4,0,0,0
34635,4,0,0,0,0
34637,4,0,0,0,0
34648,4,10,0,0,0
34658,4,0,0,0,0
34662,4,0,0,0,0
34666,4,3,0,0,0
34687,4,0,0,0,0
34695,4,1,0,0,0
34705,4,3,0,0,0
34720,4,0,0,0,0
34721,4,0,0,0,0
34724,4,5,0,0,0
34732,4,6,0,0,0
34743,4,0,0,0,0
34745,4,7,0,0,0
34753,4,1,0,0,0
34767,4,0,0,0,0
34771,4,2,1,0,0
34782,4,5,0,0,0
34790,4,0,0,0,0
34793,4,0,0,0,0
34801,4,3,0,0,0
34813,4,0,0,0,0
34815,4,0,0,0,0
34828,4,6,1,0,0
34834,4,0,0,0,0
34837,4,1,0,0,0
34848,4,4,0,0,0
34859,4,0,0,0,0
34864,4,0,0,0,0
34865,4,7,1,0,0
34880,4,0,0,0,0
34885,4,6,0,0,0
34897,4,2,0,0,0
34910,4,0,0,0,0
34913,4,2,0,0,0
34923,4,1,0,0,0
34935,4,0,0,0,0
34948,4,6,0,0,0
34963,4,0,0,0,0
34966,4,1,0,0,0
34974,4,2,0,0,0
34983,4,0,0,0,0
34986,4,0,0,0,0
34990,4,5,0,0,0
35001,4,2,0,0,0
35019,4,0,0,0,0
35020,4,2,0,0,0
35028,4,3,0,0,0
35042,4,5,0,0,0
35053,4,3,0,0,0
35062,4,0,0,0,0
35076,4,2,0,0,0
35088,4,0,0,0,0
35092,4,0,0,0,0
35094,4,4,0,0,0
35115,4,0,0,0,0
35116,4,2,0,0,0
35136,4,0,0,0,0
35140,4,5,0,0,0
35151,4,10,0,0,0
35160,4,0,0,0,0
35165,4,4,0,0,0
35175,4,1,0,0,0
35187,4,0,0,0,0
35191,4,0,0,0,0
35201,4,3,0,0,0
35213,4,0,0,0,0
35216,4,0,0,0,0
35218,4,0,0,0,0
35219,4,6,0,0,0
35240,4,0,0,0,0
35244,4,0,0,0,0
35246,4,1,0,0,0
35265,4,0,0,0,0
35270,4,1,0,0,0
35280,4,5,1,0,0
35291,4,0,0,0,0
35293,4,0,0,0,0
35297,4,0,0,0,0
35299,4,3,0,0,0
35307,4,1,0,0,0
35317,4,0,0,0,0
35320,4,0,0,0,0
35322,4,3,0,0,0
35333,4,9,0,0,0
35344,4,0,0,0,0
35350,4,1,0,0,0
35361,4,3,0,0,0
35373,4,0,0,0,0
35388,4,8,0,0,0
35400,4,0,0,0,0
35401,4,0,0,0,0
35403,4,5,0,0,0
35423,4,0,0,0,0
35424,4,7,0,0,0
35440,4,0,0,0,0
35441,4,0,0,0,0
35442,4,3,0,0,0
35464,4,0,0,0,0
35469,4,0,0,0,0
35470,4,4,0,0,0
35480,4,3,0,0,0
35492,4,0,0,0,0
35494,4,0,0,0,0
35505,4,3,0,0,0
35523,4,2,0,0,0
35532,4,2,1,0,0
35544,4,0,0,0,0
35547,4,3,0,0,0
35556,4,6,0,0,0
35565,4,0,0,0,0
35569,4,0,0,0,0
35572,4,4,0,0,0
35605,4,3,0,0,0
35612,4,0,0,0,0
35617,4,4,0,0,0
35625,4,4,0,0,0
35632,4,0,0,0,0
35635,4,1,0,0,0
35644,4,2,0,0,0
35653,4,0,0,0,0
35660,4,0,0,0,0
35681,4,0,0,0,0
35684,4,0,0,0,0
35685,4,4,0,0,0
35695,4,1,0,0,0
35709,4,0,0,0,0
35711,4,0,0,0,0
35714,4,3,0,0,0
35738,4,5,0,0,0
35749,4,3,0,0,0
35765,4,0,0,0,0
35766,4,3,0,0,0
35776,4,0,0,0,0
35790,4,0,0,0,0
35794,4,0,0,0,0
35795,4,1,0,0,0
35806,4,1,0,0,0
35817,4,0,0,0,0
35818,4,0,0,0,0
35819,4,0,0,0,0
35822,4,4,0,0,0
35830,4,5,1,0,0
35843,4,0,0,0,0
35845,4,2,0,0,0
35855,4,1,0,0,0
35864,4,0,0,0,0
35869,4,0,0,0,0
35871,4,2,0,0,0
35881,4,1,0,0,0
35892,4,0,0,0,0
35897,4,0,0,0,0
35898,4,1,0,0,0
35908,4,3,0,0,0
35919,4,0,0,0,0
35924,4,0,0,0,0
35934,4,2,0,0,0
35942,4,0,0,0,0
35947,4,1,0,0,0
35955,4,2,0,0,0
35965,4,0,0,0,0
35967,4,0,0,0,0
35978,4,6,0,0,0
35992,4,2,0,0,0
36003,4,5,0,0,0
36028,4,3,0,0,0
36037,4,0,0,0,0
36041,4,0,0,0,0
36042,4,6,0,0,0
36050,4,4,0,0,0
36061,4,0,0,0,0
36065,4,2,0,0,0
36078,4,1,0,0,0
36092,4,0,0,0,0
36093,4,0,0,0,0
36095,4,2,0,0,0
36104,4,8,1,0,0
36116,4,0,0,0,0
36119,4,0,0,0,0
36135,4,1,0,0,0
36145,4,0,0,0,0
36148,4,0,0,0,0
36159,4,7,0,0,0
36176,4,0,0,0,0
36177,4,9,0,0,0
36187,4,3,0,0,0
36197,4,0,0,0,0
36202,4,0,0,0,0
36206,4,1,0,0,0
36217,4,4,0,0,0
36225,4,0,0,0,0
36226,4,0,0,0,0
36235,4,5,0,0,0
36248,4,0,0,0,0
36249,4,0,0,0,0
36250,4,2,0,0,0
36260,4,5,1,0,0
36271,4,0,0,0,0
36272,4,0,0,0,0
36276,4,1,0,0,0
36285,4,3,1,0,0
36298,4,0,0,0,0
36305,4,3,0,0,0
36316,4,3,0,0,0
36327,4,0,0,0,0
36328,4,0,0,0,0
36330,4,2,0,0,0
36340,4,5,0,0,0
36353,4,0,0,0,0
36357,4,4,0,0,0
36365,4,3,0,0,0
36380,4,5,0,0,0
36391,4,2,0,0,0
36398,4,0,0,0,0
36402,4,0,0,0,0
36427,4,0,0,0,0
36428,4,4,1,0,0
36439,4,3,0,0,0
36451,4,0,0,0,0
36452,4,0,0,0,0
36457,4,2,0,0,0
36478,4,0,0,0,0
36480,4,0,0,0,0
36482,4,2,0,0,0
36493,4,3,0,0,0
36504,4,0,0,0,0
36506,4,0,0,0,0
36515,4,3,0,0,0
36526,4,0,0,0,0
36529,4,0,0,0,0
36532,4,1,0,0,0
36541,4,2,0,0,0
36553,4,0,0,0,0
36568,4,4,0,0,0
36582,4,0,0,0,0
36586,4,0,0,0,0
36587,4,5,1,0,0
36596,4,3,0,0,0
36604,4,0,0,0,0
36609,4,0,0,0,0
36618,4,6,0,0,0
36629,4,0,0,0,0
36630,4,0,0,0,0
36632,4,0,0,0,0
36634,4,2,0,0,0
36654,4,0,0,0,0
36655,4,4,0,0,0
36677,4,0,0,0,0
36682,4,1,0,0,0
36692,4,2,0,0,0
36708,4,0,0,0,0
36709,4,1,0,0,0
36721,4,3,1,0,0
36733,4,0,0,0,0
36739,4,0,0,0,0
36741,4,3,1,0,0
36749,4,3,0,0,0
36765,4,0,0,0,0
36768,4,4,0,0,0
36777,4,1,0,0,0
36789,4,0,0,0,0
36790,4,5,0,0,0
36801,4,4,0,0,0
36814,4,0,0,0,0
36816,4,4,0,0,0
36825,4,2,0,0,0
36837,4,0,0,0,0
36839,4,0,0,0,0
36841,4,1,0,0,0
36853,4,4,0,0,0
36864,4,0,0,0,0
36884,4,0,0,0,0
36898,4,3,0,0,0
36910,4,0,0,0,0
36911,4,0,0,0,0
36915,4,0,0,0,0
36916,4,2,0,0,0
36923,4,3,0,0,0
36938,4,0,0,0,0
36939,4,4,0,0,0
36946,4,3,1,0,0
36963,4,1,0,0,0
36973,4,2,0,0,0
36986,4,0,0,0,0
36988,4,0,0,0,0
36990,4,0,0,0,0
36991,4,7,1,0,0
37011,4,0,0,0,0
37020,4,2,0,0,0
37031,4,8,0,0,0
37040,4,0,0,0,0
37046,4,0,0,0,0
37055,4,0,0,0,0
37070,4,0,0,0,0
37072,4,3,0,0,0
37081,4,4,0,0,0
37093,4,0,0,0,0
37096,4,0,0,0,0
37097,4,4,0,0,0
37120,4,0,0,0,0
37121,4,2,0,0,0
37131,4,1,0,0,0
37140,4,0,0,0,0
37143,4,8,0,0,0
37154,4,4,0,0,0
37167,4,0,0,0,0
37171,4,7,0,0,0
37180,4,4,0,0,0
37193,4,0,0,0,0
37198,4,0,0,0,0
37199,4,3,1,0,0
37206,4,0,0,0,0
37217,4,0,0,0,0
37218,4,7,0,0,0
37227,4,4,0,0,0
37236,4,0,0,0,0
37243,4,8,0,0,0
37264,4,0,0,0,0
37267,4,4,0,0,0
37276,4,3,0,0,0
37287,4,0,0,0,0
37293,4,4,0,0,0
37316,4,5,0,0,0
37326,4,4,0,0,0
37336,4,0,0,0,0
37342,4,0,0,0,0
37346,4,4,0,0,0
37357,4,3,0,0,0
37368,4,0,0,0,0
37373,4,3,0,0,0
37384,4,5,0,0,0
37398,4,0,0,0,0
37401,4,0,0,0,0
37404,4,1,0,0,0
37415,4,3,0,0,0
37425,4,0,0,0,0
37429,4,3,0,0,0
37439,4,4,0,0,0
37451,4,0,0,0,0
37454,4,0,0,0,0
37456,4,3,1,0,0
37465,4,3,0,0,0
37478,4,0,0,0,0
37490,4,6,0,0,0
37499,4,0,0,0,0
37503,4,0,0,0,0
37512,4,2,0,0,0
37522,4,0,0,0,0
37525,4,0,0,0,0
37528,4,4,0,0,0
37537,4,2,0,0,0
37555,4,4,0,0,0
37565,4,7,0,0,0
37575,4,0,0,0,0
37577,4,2,0,0,0
37597,4,0,0,0,0
37604,4,2,0,0,0
37638,4,4,0,0,0
37648,4,0,0,0,0
37652,4,4,0,0,0
37660,4,1,1,0,0
37671,4,0,0,0,0
37672,4,0,0,0,0
37675,4,3,1,0,0
37693,4,0,0,0,0
37697,4,1,0,0,0
37722,4,0,0,0,0
37723,4,3,0,0,0
37730,4,1,0,0,0
37743,4,0,0,0,0
37746,4,0,0,0,0
37747,4,0,0,0,0
37757,4,4,0,0,0
37767,4,0,0,0,0
37770,4,0,0,0,0
37771,4,2,0,0,0
37781,4,0,1,0,0
37790,4,0,0,0,0
37791,4,0,0,0,0
37794,4,5,0,0,0
37805,4,2,0,0,0
37815,4,0,0,0,0
37821,4,0,0,0,0
37830,4,3,0,0,0
37848,4,9,0,0,0
37864,4,2,0,0,0
37873,4,4,0,0,0
37884,4,0,0,0,0
37887,4,0,0,0,0
37889,4,3,0,0,0
37906,4,0,0,0,0
37910,4,0,0,0,0
37912,4,2,0,0,0
37919,4,4,0,0,0
37930,4,0,0,0,0
37932,4,0,0,0,0
37950,4,0,0,0,0
37953,4,2,0,0,0
37975,4,0,0,0,0
37980,4,4,1,0,0
37990,4,4,0,0,0
38004,4,0,0,0,0
38005,4,0,0,0,0
38006,4,0,0,0,0
38020,4,3,0,0,0
38034,4,0,0,0,0
38038,4,0,0,0,0
38039,4,1,0,0,0
38061,4,0,0,0,0
38063,4,7,1,0,0
38074,4,3,0,0,0
38087,4,0,0,0,0
38112,4,0,0,0,0
38113,4,3,0,0,0
38121,4,1,0,0,0
38129,4,0,0,0,0
38135,4,0,0,0,0
38144,4,6,0,0,0
38155,4,2,0,0,0
38167,4,4,0,0,0
38178,4,0,0,0,0
38180,4,3,0,0,0
38198,4,0,0,0,0
38200,4,0,0,0,0
38203,4,2,0,0,0
38213,4,3,0,0,0
38222,4,0,0,0,0
38225,4,0,0,0,0
38226,4,3,0,0,0
38235,4,2,0,0,0
38248,4,0,0,0,0
38253,4,0,0,0,0
38255,4,4,0,0,0
38264,4,6,0,0,0
38276,4,0,0,0,0
38277,4,1,0,0,0
38285,4,2,0,0,0
38295,4,0,0,0,0
38297,4,0,0,0,0
38298,4,0,0,0,0
38307,4,2,0,0,0
38318,4,0,0,0,0
38340,4,3,0,0,0
38348,4,2,0,0,0
38361,4,0,0,0,0
38362,4,6,0,0,0
38373,4,5,0,0,0
38387,4,0,0,0,0
38389,4,2,0,0,0
38409,4,0,0,0,0
38412,4,0,0,0,0
38413,4,2,0,0,0
38425,4,6,0,0,0
38437,4,0,0,0,0
38441,4,4,0,0,0
38451,4,4,1,0,0
38461,4,0,0,0,0
38463,4,0,0,0,0
38464,4,2,0,0,0
38481,4,0,0,0,0
38484,4,0,0,0,0
38485,4,1,0,0,0
38500,4,0,0,0,0
38505,4,0,0,0,0
38516,4,5,0,0,0
38527,4,0,0,0,0
38534,4,0,0,0,0
38536,4,3,0,0,0
38545,4,2,0,0,0
38556,4,0,0,0,0
38566,4,3,0,0,0
38589,4,0,0,0,0
38593,4,0,0,0,0
38594,4,2,0,0,0
38612,4,0,0,0,0
38623,4,1,0,0,0
38639,4,0,0,0,0
38655,4,6,0,0,0
38669,4,0,0,0,0
38670,4,2,0,0,0
38683,4,4,0,0,0
38699,4,0,0,0,0
38700,4,0,0,0,0
38711,4,7,0,0,0
38721,4,0,0,0,0
38726,4,0,0,0,0
38727,4,2,0,0,0
38736,4,8,0,0,0
38746,4,0,0,0,0
38750,4,1,0,0,0
38770,4,0,0,0,0
38771,4,0,0,0,0
38774,4,2,0,0,0
38784,4,2,0,0,0
38793,4,0,0,0,0
38795,4,0,0,0,0
38821,4,5,0,0,0
38831,4,7,1,0,0
38846,4,0,0,0,0
38848,4,3,0,0,0
38856,4,1,0,0,0
38867,4,0,0,0,0
38874,4,0,0,0,0
38887,4,6,0,0,0
38899,4,0,0,0,0
38902,4,2,0,0,0
38918,4,0,0,0,0
38920,4,0,0,0,0
38939,4,0,0,0,0
38942,4,0,0,0,0
38943,4,4,0,0,0
38954,4,0,0,0,0
38965,4,0,0,0,0
38967,4,0,0,0,0
38982,4,2,1,0,0
38992,4,0,0,0,0
38996,4,5,0,0,0
39015,4,0,0,0,0
39019,4,0,0,0,0
39020,4,5,0,0,0
39029,4,5,0,0,0
39042,4,0,0,0,0
39045,4,0,0,0,0
39048,4,5,0,0,0
39058,4,2,0,0,0
39069,4,0,0,0,0
39073,4,6,0,0,0
39082,4,1,0,0,0
39091,4,0,0,0,0
39094,4,0,0,0,0
39106,4,3,0,0,0
39121,4,3,1,0,0
39139,4,0,0,0,0
39142,4,0,0,0,0
39162,4,0,0,0,0
39176,4,3,1,0,0
39187,4,0,0,0,0
39191,4,0,0,0,0
39192,4,1,1,0,0
39209,4,0,0,0,0
39213,4,0,0,0,0
39214,4,2,0,0,0
39225,4,1,0,0,0
39235,4,0,0,0,0
39241,4,0,0,0,0
39242,4,4,0,0,0
39252,4,4,0,0,0
39261,4,0,0,0,0
39263,4,0,0,0,0
39266,4,0,0,0,0
39274,4,2,0,0,0
39290,4,0,0,0,0
39291,4,2,0,0,0
39302,4,3,0,0,0
39316,4,0,0,0,0
39317,4,0,0,0,0
39328,4,3,0,0,0
39338,4,0,0,0,0
39344,4,0,0,0,0
39346,4,6,0,0,0
39354,4,1,0,0,0
39364,4,0,0,0,0
39368,4,0,0,0,0
39369,4,0,1,0,0
39390,4,0,0,0,0
39401,4,5,1,0,0
39416,4,0,0,0,0
39420,4,2,0,0,0
39429,4,1,0,0,0
39445,4,0,0,0,0
39446,4,3,0,0,0
39455,4,5,0,0,0
39465,4,0,0,0,0
39469,4,0,0,0,0
39478,4,6,0,0,0
39487,4,0,0,0,0
39489,4,0,0,0,0
39494,4,0,0,0,0
39495,4,2,0,0,0
39522,4,2,0,0,0
39533,4,7,1,0,0
39545,4,0,0,0,0
39547,4,0,0,0,0
39551,4,0,0,0,0
39572,4,0,0,0,0
39577,4,3,0,0,0
39586,4,4,1,0,0
39600,4,0,0,0,0
39604,4,4,0,0,0
39615,4,1,0,0,0
39624,4,0,0,0,0
39628,4,0,0,0,0
39629,4,0,0,0,0
39652,4,4,0,0,0
39661,4,2,0,0,0
39677,4,0,0,0,0
39690,4,9,0,0,0
39700,4,0,0,0,0
39703,4,0,0,0,0
39706,4,1,0,0,0
39713,4,7,0,0,0
39724,4,0,0,0,0
39727,4,3,0,0,0
39735,4,3,0,0,0
39747,4,0,0,0,0
39757,4,1,0,0,0
39766,4,0,0,0,0
39771,4,0,0,0,0
39773,4,0,0,0,0
39775,4,1,0,0,0
39783,4,7,0,0,0
39794,4,0,0,0,0
39808,4,2,0,0,0
39819,4,0,0,0,0
39823,4,0,0,0,0
39826,4,6,0,0,0
39834,4,2,1,0,0
39843,4,0,0,0,0
39857,4,6,0,0,0
39879,4,5,0,0,0
39894,4,0,0,0,0
39895,4,3,0,0,0
39905,4,1,0,0,0
39914,4,0,0,0,0
39919,4,0,0,0,0
39923,4,4,0,0,0
39933,4,1,0,0,0
39944,4,0,0,0,0
39945,4,2,0,0,0
39966,4,0,0,0,0
39971,4,0,0,0,0
39973,4,3,0,0,0
39982,4,4,0,0,0
39995,4,0,0,0,0
39997,4,2,1,0,0
40004,4,3,1,0,0
40014,4,0,0,0,0
40018,4,0,0,0,0
40028,4,3,0,0,0
40036,4,0,0,0,0
40041,4,0,0,0,0
40042,4,8,1,0,0
40053,4,0,0,0,0
40061,4,0,0,0,0
40073,4,6,0,0,0
40082,4,0,0,0,0
40090,4,1,0,0,0
40100,4,2,0,0,0
40110,4,0,0,0,0
40112,4,0,0,0,0
40117,4,1,0,0,0
40125,4,1,0,0,0
40136,4,0,0,0,0
40141,4,1,0,0,0
40152,4,4,0,0,0
40161,4,0,0,0,0
40167,4,4,1,0,0
40174,4,1,0,0,0
40183,4,0,0,0,0
40187,4,0,0,0,0
40189,4,2,0,0,0
40198,4,3,0,0,0
40208,4,0,0,0,0
40213,4,0,0,0,0
40223,4,3,0,0,0
40234,4,0,0,0,0
40236,4,0,0,0,0
40238,4,1,1,0,0
40256,4,0,0,0,0
40258,4,0,0,0,0
40259,4,2,0,0,0
40270,4,5,0,0,0
40278,4,0,0,0,0
40297,4,7,0,0,0
40309,4,1,0,0,0
40318,4,0,0,0,0
40330,4,0,0,0,0
40333,4,0,0,0,0
40335,4,2,0,0,0
40346,4,3,1,0,0
40361,4,1,0,0,0
40379,4,0,0,0,0
40387,4,0,0,0,0
40388,4,2,0,0,0
40396,4,1,0,0,0
40415,4,1,0,0,0
40426,4,3,1,0,0
40437,4,0,0,0,0
40442,4,5,0,0,0
40464,4,0,0,0,0
40469,4,0,0,0,0
40470,4,3,0,0,0
40480,4,3,0,0,0
40493,4,1,0,0,0
40501,4,2,0,0,0
40514,4,0,0,0,0
40517,4,0,0,0,0
40527,4,4,0,0,0
40536,4,0,0,0,0
40539,4,3,0,0,0
40550,4,3,0,0,0
40562,4,0,0,0,0
40565,4,5,0,0,0
40572,4,2,0,0,0
40583,4,0,0,0,0
40587,4,0,0,0,0
40589,4,2,0,0,0
40599,4,1,0,0,0
40612,4,0,0,0,0
40614,4,0,0,0,0
40623,4,5,0,0,0
40638,4,0,0,0,0
40639,4,1,0,0,0
40649,4,6,0,0,0
40673,4,2,0,0,0
40687,4,0,0,0,0
40689,4,3,0,0,0
40699,4,3,0,0,0
40711,4,0,0,0,0
40725,4,2,0,0,0
40735,4,0,0,0,0
40737,4,0,0,0,0
40738,4,3,0,0,0
40748,4,9,1,0,0
40759,4,0,0,0,0
40760,4,3,0,0,0
40767,4,5,0,0,0
40780,4,0,0,0,0
40782,4,0,0,0,0
40786,4,1,0,0,0
40796,4,1,0,0,0
40811,4,0,0,0,0
40812,4,1,0,0,0
40823,4,5,0,0,0
40835,4,0,0,0,0
40840,4,0,0,0,0
40842,4,2,0,0,0
40853,4,5,0,0,0
40865,4,0,0,0,0
40875,4,13,0,0,0
40885,4,0,0,0,0
40889,4,2,0,0,0
40899,4,4,0,0,0
40917,4,0,0,0,0
40919,4,3,0,0,0
40942,4,0,0,0,0
40952,4,1,0,0,0
40972,4,0,0,0,0
40981,4,0,0,0,0
40986,4,0,0,0,0
40988,4,4,0,0,0
41007,4,0,0,0,0
41008,4,2,0,0,0
41018,4,3,0,0,0
41027,4,0,0,0,0
41033,4,4,0,0,0
41043,4,0,0,0,0
41056,4,0,0,0,0
41058,4,0,0,0,0
41060,4,2,0,0,0
41067,4,3,0,0,0
41082,4,0,0,0,0
41086,4,0,0,0,0
41087,4,1,0,0,0
41096,4,7,0,0,0
41107,4,0,0,0,0
41114,4,1,0,0,0
41123,4,4,0,0,0
41137,4,0,0,0,0
41138,4,2,1,0,0
41145,4,0,1,0,0
41168,4,1,1,0,0
41179,4,0,0,0,0
41183,4,8,0,0,0
41189,4,5,0,0,0
41205,4,2,0,0,0
41215,4,7,0,0,0
41222,4,0,0,0,0
41229,4,3,0,0,0
41239,4,2,0,0,0
41249,4,0,0,0,0
41272,4,0,0,0,0
41276,4,5,0,0,0
41286,4,1,0,0,0
41296,4,0,0,0,0
41297,4,0,0,0,0
41299,4,0,0,0,0
41301,4,1,0,0,0
41325,4,0,0,0,0
41327,4,3,1,0,0
41337,4,1,0,0,0
41352,4,0,0,0,0
41357,4,4,0,0,0
41383,4,0,0,0,0
41386,4,1,0,0,0
41396,4,5,1,0,0
41403,4,0,0,0,0
41407,4,6,0,0,0
41415,4,1,0,0,0
41424,4,0,0,0,0
41429,4,2,0,0,0
41440,4,2,0,0,0
41452,4,0,0,0,0
41461,4,4,0,0,0
41468,4,2,0,0,0
41483,4,3,0,0,0
41505,4,0,0,0,0
41506,4,1,0,0,0
41514,4,1,0,0,0
41524,4,0,0,0,0
41531,4,1,1,0,0
41557,4,1,0,0,0
41577,4,0,0,0,0
41580,4,0,0,0,0
41581,4,2,0,0,0
41591,4,1,0,0,0
41601,4,0,0,0,0
41606,4,0,0,0,0
41613,4,1,1,0,0
41622,4,0,0,0,0
41632,4,6,0,0,0
41648,4,5,0,0,0
41657,4,1,0,1,0
41670,4,0,0,0,0
41686,4,4,0,0,0
41697,4,0,0,0,0
41702,4,3,0,0,0
41711,4,2,0,0,0
41723,4,0,0,0,0
41744,4,0,0,0,0
41748,4,0,0,0,0
41749,4,4,0,0,0
41757,4,4,0,0,0
41768,4,0,0,0,0
41774,4,0,0,0,0
41775,4,2,0,0,0
41784,4,3,0,0,0
41795,4,0,0,0,0
41800,4,3,0,0,0
41822,4,0,0,0,0
41825,4,0,0,0,0
41827,4,4,0,0,0
41847,4,0,0,0,0
41858,4,2,0,0,0
41871,4,0,0,0,0
41879,4,7,0,0,0
41891,4,0,0,0,0
41893,4,0,0,0,0
41903,4,2,0,0,0
41914,4,0,0,0,0
41921,4,0,0,0,0
41932,4,7,0,0,0
41944,4,0,0,0,0
41946,4,2,0,0,0
41964,4,0,0,0,0
41972,4,2,0,0,0
41983,4,3,0,0,0
41998,4,3,0,0,0
42008,4,4,0,0,0
42016,4,0,0,0,0
42018,4,0,0,0,0
42029,4,5,0,0,0
42040,4,0,0,0,0
42041,4,0,0,0,0
42050,4,1,0,0,0
42058,4,0,0,0,0
42062,4,1,0,0,0
42071,4,3,0,0,0
42081,4,0,0,0,0
42085,4,4,0,0,0
42096,4,2,0,0,0
42111,4,0,0,0,0
42122,4,3,0,0,0
42129,4,0,0,0,0
42143,4,3,0,0,0
42153,4,0,0,0,0
42156,4,0,0,0,0
42159,4,0,0,0,0
42167,4,3,0,0,0
42180,4,0,0,0,0
42182,4,0,0,0,0
42183,4,0,0,0,0
42184,4,4,0,0,0
42191,4,3,0,0,0
42202,4,0,0,0,0
42208,4,0,0,0,0
42209,4,3,1,0,0
42218,4,5,0,0,0
42232,4,0,0,0,0
42236,4,6,0,0,0
42244,4,5,0,0,0
42257,4,0,0,0,0
42258,4,0,0,0,0
42260,4,4,0,0,0
42282,4,2,0,0,0
42292,4,1,0,0,0
42302,4,0,0,0,0
42306,4,0,0,0,0
42308,4,2,0,0,0
42317,4,1,0,0,0
42332,4,3,0,0,0
42343,4,0,0,0,0
42350,4,0,0,0,0
42369,4,0,0,0,0
42370,4,0,0,0,0
42371,4,3,0,0,0
42382,4,6,0,0,0
42394,4,0,0,0,0
42397,4,2,0,0,0
42408,4,3,0,0,0
42417,4,0,0,0,0
42419,4,0,0,0,0
42420,4,1,0,0,0
42447,4,4,0,0,0
42456,4,2,0,0,0
42467,4,0,0,0,0
42468,4,0,0,0,0
42473,4,0,0,0,0
42474,4,4,0,0,0
42490,4,0,0,0,0
42492,4,0,0,0,0
42502,4,4,0,0,0
42517,4,0,0,0,0
42520,4,3,0,0,0
42529,4,6,0,0,0
42539,4,0,0,0,0
42544,4,0,0,0,0
42546,4,2,0,0,0
42557,4,0,0,0,0
42568,4,0,0,0,0
42572,4,0,0,0,0
42582,4,1,0,0,0
42594,4,0,0,0,0
42605,4,2,0,0,0
42614,4,0,0,0,0
42618,4,4,0,0,0
42628,4,1,0,0,0
42638,4,0,0,0,0
42639,4,0,0,0,0
42649,4,2,1,0,0
42659,4,0,0,0,0
42661,4,0,0,0,0
42663,4,0,0,0,0
42664,4,2,0,0,0
42694,4,0,0,0,0
42695,4,2,0,0,0
42705,4,3,0,0,0
42715,4,0,0,0,0
42717,4,0,0,0,0
42720,4,1,0,0,0
42742,4,0,0,0,0
42745,4,0,0,0,0
42746,4,1,0,0,0
42756,4,6,0,0,0
42766,4,0,0,0,0
42770,4,0,0,0,0
42791,4,0,0,0,0
42805,4,3,0,0,0
42812,4,0,0,0,0
42817,4,0,0,0,0
42818,4,3,1,0,0
42825,4,5,0,0,0
42835,4,0,0,0,0
42842,4,0,0,0,0
42844,4,0,0,0,0
42865,4,0,0,0,0
42869,4,0,1,0,0
42877,4,7,1,0,0
42888,4,0,0,0,0
42891,4,2,0,0,0
42911,4,0,0,0,0
42936,4,0,0,0,0
42940,4,0,0,0,0
42943,4,1,0,0,0
42953,4,2,1,0,0
42966,4,7,0,0,0
42975,4,3,0,0,0
42989,4,0,0,0,0
42991,4,9,0,0,0
42999,4,6,1,0,0
43009,4,0,0,0,0
43025,4,1,0,0,0
43043,4,0,0,0,0
43044,4,2,0,0,0
43054,4,1,0,0,0
43065,4,0,0,0,0
43069,4,0,0,0,0
43072,4,0,0,0,0
43073,4,1,0,0,0
43094,4,0,0,0,0
43096,4,0,0,0,0
43098,4,1,0,0,0
43108,4,4,0,0,0
43120,4,0,0,0,0
43135,4,3,0,0,0
43143,4,0,0,0,0
43147,4,0,0,0,0
43149,4,1,0,0,0
43159,4,9,0,0,0
43167,4,0,0,0,0
43170,4,0,0,0,0
43173,4,4,0,0,0
43184,4,2,0,0,0
43195,4,0,0,0,0
43197,4,0,0,0,0
43199,4,3,0,0,0
43210,4,2,0,0,0
43220,4,0,0,0,0
43224,4,0,0,0,0
43244,4,0,0,0,0
43250,4,0,0,0,0
43252,4,1,0,0,0
43262,4,5,0,0,0
43274,4,0,0,0,0
43280,4,2,0,0,0
43290,4,4,0,0,0
43299,4,0,0,0,0
43304,4,3,0,0,0
43328,4,3,0,0,0
43337,4,3,0,0,0
43356,4,2,0,0,0
43367,4,4,0,0,0
43378,4,0,0,0,0
43379,4,0,0,0,0
43391,4,6,0,0,0
43404,4,0,0,0,0
43413,4,3,0,0,0
43430,4,2,0,0,0
43450,4,0,0,0,0
43454,4,0,0,0,0
43455,4,6,0,0,0
43464,4,3,0,0,0
43475,4,0,0,0,0
43479,4,0,0,0,0
43489,4,4,0,0,0
43505,4,0,0,0,0
43506,4,1,0,0,0
43517,4,1,0,0,0
43527,4,0,0,0,0
43547,4,7,0,0,0
43563,4,0,0,0,0
43564,4,1,0,0,0
43574,4,5,0,0,0
43586,4,0,0,0,0
43597,4,3,1,0,0
43607,4,0,0,0,0
43611,4,3,0,0,0
43631,4,0,0,0,0
43643,4,5,0,0,0
43655,4,0,0,0,0
43659,4,5,0,0,0
43669,4,4,0,0,0
43682,4,1,0,0,0
43691,4,3,0,0,0
43702,4,0,0,0,0
43706,4,0,0,0,0
43709,4,1,0,0,0
43740,4,8,0,0,0
43756,4,0,0,0,0
43766,4,1,0,0,0
43775,4,0,0,0,0
43777,4,0,0,0,0
43778,4,4,0,0,0
43786,4,4,0,0,0
43800,4,0,0,0,0
43802,4,1,0,0,0
43813,4,2,0,0,0
43823,4,0,0,0,0
43827,4,0,0,0,0
43830,4,2,0,0,0
43840,4,4,0,0,0
43849,4,0,0,0,0
43851,4,0,0,0,0
43853,4,4,0,0,0
43863,4,3,1,0,0
43883,4,2,0,0,0
43899,4,0,0,0,0
43910,4,1,1,0,0
43923,4,3,0,0,0
43934,4,1,0,0,0
43947,4,0,0,0,0
43950,4,0,0,0,0
43951,4,2,0,0,0
43960,4,5,0,0,0
43967,4,0,0,0,0
43985,4,2,0,0,0
43997,4,0,0,0,0
43998,4,2,0,0,0
44022,4,0,0,0,0
44025,4,1,0,0,0
44035,4,4,0,0,0
44046,4,0,0,0,0
44050,4,0,0,0,0
44051,4,2,0,0,0
44070,4,0,0,0,0
44075,4,0,0,0,0
44078,4,3,0,0,0
44097,4,0,0,0,0
44101,4,0,0,0,0
44113,4,0,0,0,0
44125,4,0,0,0,0
44129,4,3,0,0,0
44136,4,4,0,0,0
44150,4,0,0,0,0
44169,4,0,0,0,0
44171,4,3,0,0,0
44179,4,0,0,0,0
44191,4,0,0,0,0
44192,4,2,0,0,0
44199,4,1,0,0,0
44216,4,4,0,0,0
44235,4,0,0,0,0
44253,4,0,0,0,0
44263,4,0,0,0,0
44268,4,0,0,0,0
44269,4,5,0,0,0
44279,4,3,0,0,0
44290,4,0,0,0,0
44292,4,0,0,0,0
44295,4,0,0,0,0
44303,4,5,0,0,0
44319,4,0,0,0,0
44320,4,4,0,0,0
44327,4,6,0,0,0
44336,4,0,0,0,0
44353,4,3,0,0,0
44368,4,0,0,0,0
44370,4,5,0,0,0
44379,4,6,0,0,0
44387,4,0,0,0,0
44389,4,0,0,0,0
44396,4,3,0,0,0
44409,4,0,0,0,0
44413,4,0,0,0,0
44414,4,1,0,0,0
44424,4,1,0,0,0
44433,4,0,0,0,0
44437,4,1,0,0,0
44456,4,0,0,0,0
44460,4,4,0,0,0
44486,4,4,0,0,0
44502,4,0,0,0,0
44506,4,0,0,0,0
44523,4,0,0,0,0
44529,4,0,0,0,0
44530,4,3,0,0,0
44540,4,4,0,0,0
44552,4,0,0,0,0
44566,4,1,0,0,0
44581,4,0,0,0,0
44582,4,1,0,0,0
44591,4,1,0,0,0
44603,4,0,0,0,0
44606,4,0,0,0,0
44619,4,3,0,0,0
44628,4,0,0,0,0
44632,4,2,0,0,0
44642,4,3,0,0,0
44652,4,0,0,0,0
44656,4,2,0,0,0
44678,4,0,0,0,0
44681,4,0,0,0,0
44686,4,5,0,0,0
44694,4,3,0,0,0
44705,4,0,0,0,0
44708,4,0,0,0,0
44709,4,4,0,0,0
44724,4,0,0,0,0
44732,4,0,0,0,0
44742,4,1,0,0,0
44753,4,0,0,0,0
44754,4,0,0,0,0
44765,4,3,1,0,0
44776,4,0,0,0,0
44778,4,0,0,0,0
44787,4,3,0,0,0
44798,4,0,0,0,0
44799,4,0,0,0,0
44809,4,4,0,0,0
44824,4,0,0,0,0
44841,4,0,0,0,0
44845,4,5,0,0,0
44855,4,0,0,0,0
44864,4,0,0,0,0
44866,4,0,0,0,0
44874,4,2,0,0,0
44889,4,3,0,0,0
44898,4,2,1,0,0
44906,4,0,0,0,0
44910,4,0,0,0,0
44912,4,5,0,0,0
44943,4,2,0,0,0
44954,4,0,0,0,0
44958,4,5,0,0,0
44968,4,6,0,0,0
44976,4,0,0,0,0
44981,4,1,0,0,0
45003,4,0,0,0,0
45006,4,4,0,0,0
45012,4,3,0,0,0
45025,4,0,0,0,0
45026,4,2,0,0,0
45034,4,2,0,0,0
45048,4,2,0,0,0
45059,4,3,0,0,0
45071,4,0,0,0,0
45072,4,0,0,0,0
45074,4,0,0,0,0
45075,4,4,1,0,0
45091,4,0,0,0,0
45098,4,2,0,0,0
45119,4,0,0,0,0
45121,4,0,0,0,0
45146,4,1,0,0,0
45157,4,2,0,0,0
45167,4,0,0,0,0
45172,4,4,0,0,0
45181,4,5,0,0,0
45193,4,0,0,0,0
45199,4,0,0,0,0
45219,4,0,0,0,0
45220,4,0,0,0,0
45222,4,3,0,0,0
45232,4,4,0,0,0
45245,4,0,0,0,0
45249,4,2,1,0,0
45275,4,5,0,0,0
45284,4,6,0,0,0
45301,4,0,0,0,0
45303,4,2,0,0,0
45312,4,1,1,0,0
45322,4,0,0,0,0
45336,4,1,0,0,0
45344,4,0,0,0,0
45349,4,3,0,0,0
45359,4,3,1,0,0
45371,4,0,0,0,0
45375,4,3,0,0,0
45386,4,7,0,0,0
45395,4,0,0,0,0
45401,4,0,0,0,0
45410,4,2,0,0,0
45427,4,0,0,0,0
45429,4,6,0,0,0
45437,4,4,0,0,0
45452,4,0,0,0,0
45457,4,1,0,0,0
45466,4,2,0,0,0
45480,4,0,0,0,0
45501,4,0,0,0,0
45508,4,0,0,0,0
45531,4,0,0,0,0
45542,4,4,0,0,0
45549,4,0,0,0,0
45553,4,4,0,0,0
45564,4,5,0,0,0
45575,4,0,0,0,0
45578,4,0,0,0,0
