,ClubID,MatchClubTypeID,MatchID,Formation,Score
0,6,1,692718,4-2-3-1,0
1,11,1,692729,4-3-3,4
2,1,1,692719,4-2-3-1,1
3,15,1,692717,3-4-2-1,2
4,5,1,692721,3-4-2-1,2
5,13,1,692716,4-3-3,3
6,19,1,692720,4-2-3-1,2
7,28,1,692722,3-4-2-1,1
8,3,1,692723,4-2-3-1,0
9,10,1,692724,4-3-3,0
10,26,1,692725,4-2-3-1,3
11,7,1,692726,4-2-3-1,2
12,12,1,692728,4-3-3,2
13,24,1,692727,4-2-3-1,0
14,1,1,692714,4-2-3-1,2
15,27,1,692715,4-2-3-1,1
16,22,1,692703,4-2-3-1,2
17,15,1,692708,3-4-3,2
18,6,1,692705,4-2-3-1,3
19,9,1,692707,3-4-3,2
20,19,1,692704,4-2-3-1,2
21,18,1,692706,4-4-2,0
22,8,1,692710,3-4-2-1,0
23,14,1,692709,4-2-3-1,1
24,26,1,692711,4-2-3-1,2
25,23,1,692712,4-2-3-1,0
26,25,1,692713,4-3-3,0
27,29,1,692702,3-4-3-d,1
28,26,1,692701,4-3-3,3
29,5,1,692690,3-4-2-1,1
30,4,1,692691,3-4-1-2,1
31,13,1,692692,4-1-4-1,2
32,16,1,692693,4-2-3-1,1
33,19,1,692689,4-2-3-1,1
34,29,1,692688,3-4-3,4
35,12,1,692694,4-3-3,2
36,2,1,692698,4-2-3-1,4
37,3,1,692697,4-2-3-1,2
38,14,1,692696,4-3-3,1
39,17,1,692695,3-5-2,1
40,27,1,692699,4-2-3-1,0
41,24,1,692700,4-2-3-1,5
42,1,1,692687,4-2-3-1,3
43,21,1,692675,4-1-2-1-2,2
44,7,1,692676,4-2-3-1,3
45,6,1,692681,4-3-3,1
46,9,1,692680,4-2-3-1,1
47,13,1,692679,4-3-3,1
48,20,1,692678,4-4-2,1
49,28,1,692677,3-4-2-1,1
50,2,1,692684,4-2-3-1,2
51,10,1,692682,4-2-3-1,2
52,17,1,692683,3-5-2,2
53,23,1,692685,4-2-3-1,3
54,11,1,692686,4-4-2,1
55,29,1,692674,3-4-2-1,3
56,16,1,692662,4-2-3-1,1
57,18,1,692663,4-4-2,4
58,6,1,692666,4-2-3-1,2
59,4,1,692664,3-4-1-2,1
60,20,1,692665,4-4-2,2
61,28,1,692667,3-4-2-1,2
62,29,1,692661,3-4-2-1,1
63,26,1,692668,4-2-2-2,2
64,27,1,692669,4-3-3,2
65,7,1,692670,4-2-3-1,0
66,12,1,692672,4-3-3,5
67,22,1,692671,4-2-3-1,1
68,25,1,692673,4-3-3,3
69,16,1,692659,4-2-3-1,1
70,1,1,692660,4-2-3-1,2
71,3,1,692647,4-2-3-1,4
72,9,1,692648,4-1-3-2,1
73,24,1,692649,4-4-2,1
74,5,1,692650,3-4-2-1,3
75,19,1,692651,4-3-3,2
76,2,1,692652,4-3-3,2
77,8,1,692657,4-2-3-1,1
78,10,1,692656,4-2-3-1,1
79,14,1,692653,4-2-3-1,2
80,17,1,692655,4-2-3-1,2
81,26,1,692654,4-3-3,2
82,11,1,692658,4-3-3,3
83,4,1,692644,3-4-1-2,0
84,17,1,692645,3-4-2-1,2
85,13,1,692646,3-5-2,2
86,19,1,692633,4-2-3-1,1
87,28,1,692634,3-4-2-1,1
88,1,1,692635,4-2-3-1,4
89,5,1,692637,3-4-2-1,2
90,18,1,692639,4-2-3-1,2
91,20,1,692638,4-2-3-1,2
92,2,1,692640,4-2-3-1,2
93,23,1,692641,4-2-3-1,1
94,12,1,692642,4-3-3,0
95,25,1,692643,4-2-3-1,0
96,16,1,692632,4-2-3-1,0
97,14,1,692620,4-3-3,1
98,23,1,692621,4-2-3-1,3
99,13,1,692622,4-3-3,5
100,29,1,692619,4-3-3,1
101,3,1,692624,3-4-3,1
102,8,1,692625,3-4-2-1,1
103,10,1,692627,4-3-3,1
104,26,1,692626,4-3-3,1
105,27,1,692623,4-4-2,2
106,7,1,692628,4-2-3-1,1
107,22,1,692630,4-4-2,2
108,25,1,692629,4-3-3,1
109,24,1,692631,4-2-3-1,0
110,4,1,692616,3-4-1-2,0
111,17,1,692617,4-3-3,0
112,11,1,692618,4-2-3-1,1
113,5,1,692605,3-4-2-1,1
114,12,1,692606,4-3-3,2
115,6,1,692608,4-2-3-1,1
116,9,1,692609,4-2-3-1,3
117,20,1,692607,4-2-3-1,0
118,21,1,692610,4-1-2-1-2,2
119,2,1,692614,4-2-3-1,1
120,8,1,692613,3-4-3,2
121,10,1,692611,3-5-1-1,1
122,27,1,692612,4-2-3-1,1
123,22,1,692615,4-2-3-1,4
124,13,1,692604,4-3-3,2
125,6,1,660065,4-3-3,1
126,5,1,660058,3-4-2-1,2
127,4,1,660057,3-4-1-2,2
128,17,1,660064,4-4-2,0
129,16,1,660061,4-2-3-1,2
130,19,1,660066,4-3-3,1
131,28,1,660060,3-4-2-1,0
132,7,1,660068,4-2-3-1,0
133,11,1,660056,3-4-2-1,1
134,22,1,660063,4-3-3,1
135,25,1,660055,4-2-3-1,1
136,26,1,660059,4-3-3,3
137,27,1,660062,4-2-2-2,0
138,29,1,660067,3-1-4-2,1
139,13,1,659915,4-3-3,2
140,8,1,660034,4-4-2,1
141,17,1,659923,4-4-2,3
142,11,1,659925,4-2-3-1,2
143,1,1,660047,4-2-3-1,1
144,15,1,660041,3-4-3,4
145,9,1,660042,4-3-1-2,2
146,13,1,660045,5-3-2,0
147,18,1,660044,4-4-1-1,3
148,20,1,660043,4-2-3-1,3
149,21,1,660046,4-3-1-2,0
150,2,1,660049,4-2-3-1,2
151,3,1,660050,4-2-3-1,0
152,8,1,660051,4-4-2,1
153,10,1,660052,4-2-3-1,5
154,14,1,660048,4-2-3-1,5
155,23,1,660053,4-4-2,2
156,24,1,660054,4-2-3-1,0
157,15,1,660030,3-4-1-2,1
158,6,1,660029,4-2-3-1,3
159,4,1,660032,5-3-2,1
160,16,1,660031,4-2-3-1,1
161,21,1,660033,4-3-1-2,3
162,2,1,660037,4-3-3,3
163,3,1,660036,4-2-3-1,4
164,17,1,660035,4-1-2-1-2,0
165,12,1,660038,4-3-3,5
166,24,1,660040,4-2-3-1,2
167,29,1,660039,3-5-2,3
168,12,1,660028,4-3-3,0
169,5,1,660016,3-4-2-1,1
170,13,1,660020,3-5-2,1
171,16,1,660018,3-4-2-1,2
172,18,1,660017,4-4-2,0
173,20,1,660015,4-2-3-1,3
174,28,1,660019,3-4-3,2
175,10,1,660022,3-4-3,0
176,14,1,660023,4-2-3-1,1
177,17,1,660021,4-4-2,0
178,27,1,660024,4-4-2,4
179,7,1,660025,4-2-3-1,1
180,11,1,660027,4-3-3,3
181,29,1,660026,3-5-2,2
182,21,1,659917,4-1-2-1-2,1
183,7,1,659841,4-2-3-1,2
184,2,1,660014,4-3-3,3
185,19,1,660003,4-2-3-1,3
186,20,1,660013,4-2-3-1,1
187,1,1,660002,4-2-3-1,4
188,9,1,660001,4-3-1-2,3
189,4,1,660004,3-4-1-2,3
190,21,1,660005,4-3-1-2,0
191,3,1,660008,4-2-3-1,2
192,8,1,660009,4-2-3-1,1
193,14,1,660006,4-2-3-1,1
194,26,1,660007,4-3-3,2
195,23,1,660010,4-4-2,2
196,22,1,660012,4-2-3-1,3
197,25,1,660011,4-2-3-1,1
198,15,1,659992,3-4-1-2,1
199,6,1,659991,4-2-3-1,2
200,5,1,659990,3-4-2-1,3
201,9,1,659989,4-3-1-2,1
202,13,1,659988,5-3-2,4
203,19,1,659993,4-3-3,2
204,18,1,659987,4-4-2,1
205,10,1,659995,3-4-1-2,4
206,26,1,659994,4-3-3,0
207,27,1,659996,4-3-1-2,0
208,7,1,659997,4-2-3-1,1
209,23,1,659998,4-4-2,1
210,11,1,660000,4-3-3,4
211,22,1,659999,4-2-3-1,2
212,2,1,659986,4-3-3,1
213,19,1,659973,4-3-3,0
214,1,1,659979,4-2-3-1,5
215,15,1,659978,3-5-2,0
216,6,1,659977,4-2-3-1,0
217,20,1,659975,4-2-3-1,4
218,21,1,659974,3-4-1-2,2
219,28,1,659976,4-3-3,1
220,8,1,659981,4-2-3-1,1
221,10,1,659980,4-2-3-1,1
222,14,1,659982,4-2-3-1,0
223,7,1,659983,4-2-3-1,2
224,12,1,659985,4-3-3,4
225,25,1,659984,4-4-2,2
226,11,1,659877,4-2-3-1,2
227,9,1,659970,4-2-3-1,0
228,13,1,659971,4-2-3-1,3
229,14,1,659838,4-2-3-1,1
230,22,1,659972,4-2-3-1,2
231,21,1,659969,3-4-1-2,4
232,12,1,659966,4-3-3,1
233,19,1,659956,4-2-3-1,1
234,15,1,659957,3-4-1-2,2
235,9,1,659960,4-2-3-1,4
236,4,1,659958,3-4-1-2,0
237,16,1,659959,4-2-3-1,2
238,8,1,659962,4-2-3-1,2
239,17,1,659961,4-4-2,1
240,26,1,659963,4-3-3,2
241,23,1,659964,4-4-2,2
242,11,1,659967,4-1-4-1,0
243,25,1,659965,4-2-3-1,1
244,24,1,659968,4-2-3-1,2
245,1,1,659948,4-2-3-1,1
246,6,1,659945,4-3-3,1
247,13,1,659947,4-3-3,0
248,16,1,659944,4-2-3-1,1
249,19,1,659946,4-2-3-1,2
250,28,1,659943,4-3-3,3
251,2,1,659950,4-2-3-1,1
252,3,1,659949,3-4-3,0
253,10,1,659953,4-2-3-1,2
254,14,1,659952,4-2-3-1,3
255,27,1,659951,4-2-3-1,2
256,22,1,659955,4-3-3,2
257,25,1,659954,4-2-3-1,2
258,14,1,659942,4-2-3-1,1
259,1,1,659936,4-2-3-1,4
260,15,1,659935,3-4-1-2,1
261,6,1,659934,4-1-4-1,2
262,5,1,659933,3-4-2-1,2
263,9,1,659932,3-4-2-1,1
264,4,1,659931,3-4-1-2,3
265,18,1,659930,4-1-4-1,0
266,20,1,659929,4-2-3-1,2
267,8,1,659937,4-2-3-1,1
268,26,1,659938,4-3-3,3
269,23,1,659939,4-4-2,0
270,11,1,659941,4-2-3-1,3
271,22,1,659940,4-3-3,2
272,12,1,659926,4-3-3,4
273,5,1,659916,3-4-1-2,3
274,19,1,659920,4-2-3-1,0
275,18,1,659918,4-4-2,1
276,28,1,659919,4-3-3,2
277,3,1,659921,4-2-3-1,1
278,10,1,659922,4-2-3-1,5
279,27,1,659924,4-4-1-1,6
280,24,1,659927,4-2-3-1,0
281,29,1,659928,3-1-4-2,0
282,1,1,659901,3-4-2-1,1
283,15,1,659905,3-4-1-2,2
284,16,1,659902,4-2-3-1,4
285,21,1,659903,4-1-2-1-2,2
286,3,1,659909,4-2-3-1,1
292,14,1,659907,4-2-3-1,1
293,4,1,659904,3-4-1-2,3
294,27,1,659906,4-1-2-1-2,3
295,2,1,659908,4-2-3-1,2
296,7,1,659910,4-2-3-1,0
297,23,1,659911,4-4-2,3
298,22,1,659914,4-3-3,3
299,24,1,659913,4-2-3-1,1
300,29,1,659912,3-1-4-2,4
301,16,1,659894,4-2-3-1,2
302,18,1,659893,4-2-3-1,1
303,10,1,659897,4-2-3-1,0
304,17,1,659898,4-2-3-1,0
305,26,1,659895,4-3-3,2
306,7,1,659876,5-3-2,0
307,3,1,659896,4-2-3-1,3
308,12,1,659795,4-3-3,3
309,25,1,659900,3-4-3,2
310,29,1,659899,3-1-4-2,2
311,15,1,659880,3-4-2-1,0
312,6,1,659882,4-3-3,2
313,5,1,659884,3-4-1-2,1
314,9,1,659881,3-4-1-2,2
315,18,1,659883,4-2-2-2,2
316,28,1,659879,4-4-2,0
317,3,1,659886,4-2-3-1,1
318,10,1,659885,4-4-2,2
319,14,1,659887,4-2-3-1,1
320,7,1,659889,4-2-3-1,2
321,23,1,659888,4-4-2,4
322,11,1,659890,4-3-3,3
323,12,1,659891,4-3-3,1
324,29,1,659892,3-4-2-1,2
325,19,1,659878,3-4-2-1,1
326,13,1,659873,3-4-2-1,2
327,20,1,659874,4-2-3-1,4
328,8,1,659875,3-4-3,0
329,11,1,659586,4-3-3,2
330,1,1,659872,3-4-2-1,2
331,5,1,659864,3-4-1-2,2
332,4,1,659860,3-4-1-2,2
333,13,1,659859,4-2-3-1,1
334,20,1,659862,4-2-3-1,3
335,28,1,659861,4-4-2,0
336,8,1,659866,4-3-2-1,2
337,14,1,659865,4-2-3-1,4
338,17,1,659868,4-3-1-2,2
339,26,1,659867,4-3-3,3
340,27,1,659869,4-3-1-2,2
341,15,1,659863,3-4-1-2,0
342,25,1,659870,4-2-3-1,2
343,24,1,659871,4-2-3-1,1
344,6,1,659846,4-3-3,0
345,5,1,659850,3-4-1-2,2
346,9,1,659849,3-4-2-1,3
347,16,1,659845,4-1-2-1-2,2
348,18,1,659847,4-2-2-2,4
349,21,1,659848,4-1-2-1-2,4
350,26,1,659852,4-3-3,0
351,2,1,659851,4-4-2,3
352,7,1,659854,4-2-3-1,0
353,23,1,659853,4-4-2,2
354,12,1,659856,4-3-3,2
355,22,1,659855,4-2-3-1,1
356,25,1,659858,4-2-3-1,1
357,24,1,659857,4-2-3-1,0
358,1,1,659836,4-2-3-1,2
359,15,1,659835,3-4-1-2,1
360,4,1,659832,3-4-1-2,3
361,18,1,659834,4-2-3-1,2
362,20,1,659833,4-2-3-1,2
363,10,1,659839,4-2-3-1,4
364,27,1,659840,4-2-3-1,1
365,11,1,659844,4-3-3,2
366,12,1,659842,4-3-3,1
367,22,1,659843,4-2-3-1,1
368,2,1,659837,4-4-2,3
369,19,1,659826,3-4-1-2,1
370,9,1,659828,3-4-3,1
371,16,1,659827,4-3-2-1,3
372,17,1,659830,4-3-2-1,3
373,26,1,659829,4-3-3,1
374,25,1,659831,4-3-3,0
375,12,1,659713,4-3-3,0
376,27,1,659824,4-2-3-1,1
377,22,1,659825,4-2-3-1,1
378,1,1,659814,4-1-4-1,3
379,15,1,659815,3-4-1-2,4
380,6,1,659813,5-4-1,3
381,16,1,659817,3-5-2,3
382,28,1,659812,4-2-3-1,1
383,20,1,659816,4-2-3-1,2
384,3,1,659818,3-4-2-1,1
385,10,1,659820,4-2-3-1,4
386,26,1,659819,4-3-3,4
387,23,1,659821,4-4-2,0
388,25,1,659823,4-3-3,2
389,29,1,659822,3-4-2-1,1
390,8,1,659725,4-3-3,2
391,12,1,659811,4-3-3,0
392,19,1,659798,3-4-3,0
393,24,1,659799,4-2-3-1,0
394,4,1,659802,3-4-1-2,1
395,13,1,659803,4-2-3-1,1
396,18,1,659800,4-2-3-1,0
397,21,1,659804,3-4-1-2,3
398,5,1,659801,3-4-2-1,4
399,2,1,659805,4-4-2,1
400,8,1,659808,4-4-2,1
401,14,1,659806,4-2-3-1,1
402,27,1,659807,4-2-3-1,3
403,7,1,659809,4-4-2,0
404,29,1,659810,4-4-2,1
405,1,1,659787,4-2-3-1,3
406,5,1,659789,3-4-2-1,3
407,9,1,659790,3-4-2-1,2
408,19,1,659786,3-4-1-2,1
409,21,1,659785,3-4-1-2,1
410,28,1,659788,4-3-3,0
411,13,1,659791,4-4-2,0
412,2,1,659793,3-4-3,2
413,23,1,659794,4-4-2,2
414,26,1,659792,4-3-3,2
415,24,1,659797,4-2-3-1,0
416,29,1,659796,4-3-2-1,6
417,26,1,659783,4-1-4-1,4
418,17,1,659784,4-3-1-2,3
419,15,1,659774,3-4-1-2,1
420,16,1,659773,3-4-1-2,3
421,19,1,659772,4-2-3-1,1
422,20,1,659771,4-2-3-1,1
423,28,1,659775,4-3-3,2
424,10,1,659777,4-3-3,2
425,14,1,659776,4-2-3-1,1
426,27,1,659778,4-2-3-1,3
427,7,1,659779,3-5-2,0
428,11,1,659780,4-4-2,0
429,25,1,659782,4-3-3,1
430,24,1,659781,4-2-3-1,1
431,6,1,659759,4-3-3,1
432,9,1,659761,3-4-3,3
433,4,1,659762,3-4-1-2,3
434,13,1,659757,3-5-2,1
435,18,1,659758,4-2-3-1,2
436,21,1,659760,3-5-2,3
437,2,1,659765,3-4-3,1
438,3,1,659763,4-2-3-1,3
439,8,1,659764,4-2-3-1,1
440,7,1,659766,3-1-4-2,2
441,27,1,659767,4-2-3-1,4
442,12,1,659770,4-2-3-1,2
443,22,1,659768,4-2-3-1,0
444,29,1,659769,3-4-2-1,2
445,1,1,659746,4-2-3-1,4
446,6,1,659745,4-3-3,2
447,5,1,659744,3-4-3,2
448,4,1,659748,3-4-1-2,3
449,20,1,659750,4-2-3-1,1
450,28,1,659747,4-3-3,0
451,21,1,659749,4-3-2-1,0
452,8,1,659753,4-2-3-1,2
453,14,1,659752,4-2-3-1,1
454,17,1,659751,4-4-2,2
455,23,1,659754,4-4-2,0
456,12,1,659755,4-3-3,1
457,24,1,659756,4-2-3-1,1
458,11,1,659743,4-4-2,2
459,3,1,659730,4-2-3-1,1
460,1,1,659731,4-2-3-1,1
461,15,1,659734,3-4-1-2,2
462,5,1,659732,3-4-3,2
463,9,1,659736,3-4-3,1
464,13,1,659733,3-5-2,2
465,18,1,659735,4-2-3-1,1
466,2,1,659738,3-4-3,0
467,10,1,659739,4-3-3,0
468,26,1,659737,4-3-3,3
469,7,1,659741,3-4-1-2,1
470,23,1,659740,4-4-2,0
471,22,1,659742,4-2-3-1,3
472,24,1,659729,4-2-3-1,1
473,15,1,659717,3-4-3,2
474,6,1,659718,4-4-2,3
475,4,1,659719,3-4-1-2,2
476,13,1,659722,4-2-3-1,2
477,18,1,659716,3-4-1-2,0
478,25,1,659720,4-3-3,2
479,28,1,659721,4-3-3,0
480,10,1,659724,4-3-3,0
481,17,1,659723,4-3-1-2,3
482,11,1,659726,4-1-2-1-2,1
483,22,1,659727,4-2-3-1,2
484,29,1,659728,4-3-3,3
485,14,1,659715,4-2-3-1,0
486,17,1,659702,4-1-2-1-2,3
487,5,1,659703,3-4-2-1,1
488,9,1,659706,3-5-2,3
489,16,1,659705,4-2-3-1,1
490,20,1,659707,4-4-1-1,2
491,28,1,659704,4-3-3,1
492,2,1,659709,4-4-2,2
493,3,1,659711,4-2-3-1,1
494,26,1,659708,4-3-3,0
495,27,1,659710,4-4-2,1
496,23,1,659712,4-4-2,0
497,29,1,659714,4-3-3,0
498,1,1,659701,4-2-3-1,2
499,15,1,659689,3-4-2-1,2
500,6,1,659694,4-2-3-1,1
501,4,1,659692,3-4-1-2,2
502,16,1,659691,4-2-3-1,2
503,19,1,659693,4-3-3,3
504,20,1,659688,3-4-2-1,1
505,21,1,659690,4-3-1-2,4
506,10,1,659695,4-3-3,1
507,17,1,659696,4-4-2,1
508,7,1,659698,3-4-2-1,1
509,23,1,659697,4-4-2,3
510,11,1,659700,4-4-2,2
511,24,1,659699,4-2-3-1,1
512,11,1,659687,4-1-4-1,2
513,15,1,659677,3-4-3,0
514,6,1,659678,4-3-3,2
515,5,1,659674,3-4-2-1,1
516,19,1,659679,4-3-3,2
517,28,1,659675,4-3-3,2
518,18,1,659676,3-4-1-2,1
519,2,1,659684,4-2-3-1,0
520,3,1,659683,4-2-3-1,2
521,8,1,659682,4-4-2,2
522,14,1,659681,4-2-3-1,1
523,22,1,659685,4-4-2,4
524,25,1,659686,4-3-3,3
525,27,1,659680,4-4-2,5
526,9,1,659666,4-4-2,0
527,4,1,659662,3-4-1-2,1
528,13,1,659664,3-4-1-2,0
529,12,1,659663,4-3-3,3
530,16,1,659665,4-4-2,4
531,19,1,659660,4-2-3-1,1
532,18,1,659661,3-4-1-2,1
533,3,1,659667,4-2-3-1,2
534,10,1,659669,4-3-3,3
535,17,1,659670,4-4-2,0
536,26,1,659668,4-3-3,0
537,23,1,659671,4-4-2,3
538,24,1,659672,4-2-3-1,3
539,29,1,659673,4-3-2-1,1
540,1,1,659647,4-2-3-1,1
541,5,1,659649,3-4-3,4
542,4,1,659650,3-4-1-2,1
543,11,1,659646,4-1-4-1,1
544,16,1,659651,4-1-2-1-2,1
545,20,1,659659,4-2-3-1,0
546,21,1,659658,4-3-1-2,0
547,28,1,659648,4-2-3-1,2
548,3,1,659653,4-2-3-1,0
549,8,1,659652,4-3-3,1
550,27,1,659654,4-4-2,0
551,7,1,659655,3-4-2-1,0
552,25,1,659657,4-4-2,2
553,29,1,659656,4-3-2-1,5
554,22,1,659632,4-3-3,0
555,6,1,659633,4-5-1,1
556,5,1,659634,3-4-3,6
557,9,1,659636,4-4-2,1
558,13,1,659637,4-2-3-1,2
559,21,1,659635,4-3-1-2,1
560,2,1,659639,3-4-3,1
561,10,1,659638,4-3-3,1
562,14,1,659641,4-4-2,1
563,17,1,659640,4-4-2,0
564,26,1,659642,4-3-3,1
565,23,1,659643,4-2-3-1,0
566,12,1,659644,4-3-3,2
567,25,1,659645,4-4-2,0
568,24,1,659618,4-1-4-1,0
569,1,1,659623,4-2-3-1,5
570,15,1,659620,3-4-1-2,3
571,16,1,659621,4-1-2-1-2,1
572,19,1,659622,4-2-3-1,3
573,18,1,659625,3-4-2-1,2
574,20,1,659619,4-2-3-1,1
575,28,1,659624,4-2-3-1,2
576,3,1,659626,4-2-3-1,3
577,8,1,659629,4-3-3,2
578,10,1,659627,4-3-3,2
579,27,1,659628,4-4-2,3
580,7,1,659630,4-3-3,1
581,11,1,659631,4-1-4-1,1
582,12,1,659617,4-3-3,4
583,6,1,659604,4-2-3-1,0
584,29,1,659605,4-3-2-1,1
585,9,1,659610,4-2-3-1,1
586,4,1,659609,3-4-1-2,1
587,19,1,659606,4-2-3-1,1
588,21,1,659607,4-1-2-1-2,1
589,28,1,659608,4-2-3-1,1
590,14,1,659613,4-2-3-1,1
591,17,1,659611,4-2-3-1,2
592,26,1,659612,4-3-3,0
593,23,1,659614,4-2-3-1,1
594,22,1,659615,5-3-2,1
595,25,1,659616,4-3-3,1
596,12,1,659590,4-3-3,3
597,1,1,659593,4-2-3-1,1
598,5,1,659595,3-4-3,2
599,13,1,659594,4-2-3-1,2
600,16,1,659596,4-1-2-1-2,3
601,18,1,659591,4-4-2,0
602,20,1,659592,3-4-2-1,0
603,2,1,659600,4-2-3-1,1
604,3,1,659599,4-2-3-1,1
605,8,1,659598,4-3-3,3
606,27,1,659597,4-4-2,3
607,7,1,659601,4-3-3,0
608,25,1,659602,4-3-3,2
609,24,1,659603,4-2-3-1,2
610,22,1,659588,4-2-3-1,1
611,24,1,659589,4-2-3-1,4
612,17,1,659576,4-2-3-1,2
613,1,1,659582,4-2-3-1,2
614,6,1,659581,4-3-3,0
615,9,1,659580,4-4-2,3
616,4,1,659577,5-3-2,2
617,13,1,659578,4-3-1-2,2
618,20,1,659583,4-2-3-1,1
619,21,1,659579,4-1-2-1-2,4
620,2,1,659585,4-2-3-1,2
621,8,1,659584,4-3-3,0
622,29,1,659587,4-3-2-1,1
623,1,1,623625,4-2-3-1,1
624,3,1,623631,4-2-3-1,1
625,9,1,623630,4-3-3,2
626,13,1,623626,4-3-1-2,1
627,18,1,623629,3-4-3,2
628,20,1,623628,4-2-3-1,2
629,21,1,623627,4-3-1-2,4
630,2,1,623638,4-2-3-1,1
631,8,1,623635,4-3-3,2
632,10,1,623634,4-2-3-1,1
633,12,1,623632,4-3-3,0
634,14,1,623637,4-2-3-1,2
635,23,1,623636,4-4-2,3
636,24,1,623633,3-4-1-2,2
637,6,1,623471,4-1-4-1,2
638,13,1,623567,4-3-1-2,4
639,19,1,623615,4-2-3-1,2
640,22,1,623622,3-4-3,1
641,26,1,623623,4-3-3,1
642,17,1,623624,4-4-2,1
643,16,1,623613,4-2-3-1,2
644,7,1,623614,3-4-1-2,1
645,6,1,623616,4-2-3-1,4
646,15,1,623618,3-5-2,1
647,5,1,623619,4-2-3-1,2
648,4,1,623617,5-3-2,2
649,25,1,623612,4-3-3,2
650,29,1,623620,3-4-3,2
651,11,1,623621,4-3-3,1
652,28,1,623611,4-3-3,0
653,24,1,623249,3-4-2-1,1
654,25,1,623385,4-2-3-1,2
655,5,1,623608,4-2-3-1,1
656,9,1,623609,4-2-3-1,2
657,12,1,623610,4-3-3,3
658,19,1,623597,4-2-3-1,2
659,1,1,623599,4-3-3,0
660,16,1,623601,4-2-3-1,0
661,20,1,623600,4-2-3-1,4
662,3,1,623602,4-2-3-1,2
663,26,1,623603,4-3-3,4
664,2,1,623604,4-2-3-1,1
665,23,1,623605,4-4-2,1
666,29,1,623606,3-4-3,2
667,11,1,623607,4-3-3,4
668,25,1,623598,4-3-3,1
669,20,1,623594,4-2-3-1,0
670,2,1,623593,4-2-3-1,3
671,7,1,623595,4-2-3-1,2
672,29,1,623596,3-4-2-1,3
673,15,1,623588,3-5-2,3
674,13,1,623589,4-2-3-1,2
675,14,1,623590,4-2-3-1,1
676,10,1,623592,4-2-3-1,3
677,26,1,623591,4-3-3,3
678,6,1,623577,4-3-1-2,1
679,17,1,623576,4-4-2,1
680,18,1,623575,3-4-3,2
681,1,1,623578,4-3-3,4
682,4,1,623580,5-3-2,6
683,21,1,623579,4-3-1-2,5
684,3,1,623581,4-2-3-1,3
685,24,1,623582,4-2-3-1,3
686,8,1,623584,4-3-3,2
687,10,1,623583,4-2-3-1,0
688,7,1,623585,4-2-3-1,3
689,23,1,623586,4-4-2,0
690,22,1,623587,3-1-4-2,1
691,15,1,623574,3-5-2,2
692,19,1,623573,3-4-3,1
693,22,1,623566,3-4-2-1,2
694,9,1,623561,4-4-2,0
695,28,1,623563,4-3-3,3
696,11,1,623568,4-4-1-1,2
697,16,1,623569,4-2-3-1,3
698,24,1,623570,3-4-1-2,2
699,25,1,623571,4-2-3-1,2
700,12,1,623572,4-3-3,2
701,14,1,623560,4-2-3-1,0
702,5,1,623562,4-2-3-1,0
703,18,1,623559,3-4-2-1,0
704,4,1,623564,5-3-2,2
705,17,1,623565,4-2-3-1,3
706,21,1,623551,4-3-1-2,4
707,15,1,623549,3-5-2,0
708,5,1,623554,4-3-3,1
709,16,1,623553,4-2-3-1,0
710,28,1,623550,4-3-3,2
711,19,1,623241,4-2-3-1,1
712,10,1,623555,4-2-3-1,2
713,17,1,623556,4-3-1-2,4
714,2,1,623557,4-2-3-1,1
715,20,1,623552,4-2-3-1,3
716,23,1,623558,4-4-2,3
717,1,1,623544,3-5-1-1,3
718,20,1,623547,4-2-3-1,2
719,16,1,623548,4-3-2-1,1
720,14,1,623538,4-2-3-1,2
721,18,1,623537,3-4-2-1,3
722,4,1,623540,5-3-2,2
723,21,1,623539,4-1-2-1-2,6
724,3,1,623545,4-2-3-1,0
725,6,1,623546,4-3-3,0
726,26,1,623541,4-3-3,1
727,8,1,623542,4-3-3,1
728,29,1,623543,3-4-2-1,0
729,2,1,623535,4-2-3-1,4
730,22,1,623536,4-2-3-1,2
731,3,1,623528,4-2-3-1,0
732,5,1,623529,4-2-3-1,2
733,6,1,623530,4-5-1,1
734,26,1,623533,4-3-3,4
735,17,1,623534,4-3-1-2,4
736,18,1,623522,4-2-3-1,1
737,15,1,623531,3-5-2,4
738,9,1,623523,4-3-3,0
739,13,1,623532,4-2-3-1,2
740,14,1,623524,4-2-3-1,2
741,7,1,623525,4-2-3-1,1
742,23,1,623526,4-4-2,1
743,25,1,623527,4-2-3-1,2
744,11,1,623521,4-4-1-1,3
745,1,1,623516,4-1-4-1,1
746,28,1,623517,4-3-3,2
747,19,1,623515,4-2-3-1,1
748,8,1,623518,4-3-3,1
749,29,1,623519,3-4-2-1,2
750,12,1,623520,4-3-3,1
751,17,1,623513,4-3-1-2,1
752,24,1,623514,4-2-3-1,1
753,18,1,623501,4-2-3-1,0
754,4,1,623505,5-3-2,2
755,16,1,623502,4-3-2-1,1
756,21,1,623504,4-1-2-1-2,4
757,28,1,623503,4-3-3,3
758,13,1,623506,3-4-3,3
759,2,1,623509,4-2-3-1,4
760,7,1,623508,4-1-4-1,1
761,8,1,623510,4-3-3,4
762,10,1,623507,4-3-3,2
763,11,1,623511,4-4-2,5
764,12,1,623512,4-3-3,5
765,1,1,623488,4-2-3-1,2
766,6,1,623489,4-2-3-1,2
767,15,1,623490,3-5-2,2
768,5,1,623494,4-2-3-1,3
769,9,1,623493,4-3-3,0
770,4,1,623491,5-3-2,3
771,20,1,623492,4-2-3-1,0
772,17,1,623495,4-3-1-2,3
773,26,1,623496,4-3-3,4
774,2,1,623497,4-2-3-1,3
775,7,1,623498,4-1-4-1,4
776,23,1,623499,4-2-3-1,1
777,22,1,623500,3-4-2-1,1
778,29,1,623487,3-4-2-1,2
779,6,1,623481,4-3-3,3
780,5,1,623482,4-2-3-1,1
781,22,1,623485,3-4-2-1,1
782,25,1,623486,4-3-3,0
783,18,1,623472,3-4-2-1,4
784,24,1,623483,4-2-3-1,1
785,9,1,623480,4-4-2,2
786,14,1,623469,4-2-3-1,4
787,3,1,623470,4-2-3-1,0
788,15,1,623474,3-1-4-2,0
789,21,1,623473,4-1-2-1-2,6
790,13,1,623475,4-2-3-1,4
791,17,1,623476,4-4-2,1
792,16,1,623477,4-2-3-1,0
793,26,1,623478,4-3-3,0
794,8,1,623479,4-2-3-1,1
795,25,1,623468,4-3-3,2
796,12,1,623467,4-3-3,2
797,2,1,623464,4-3-3,3
798,11,1,623466,4-4-2,2
799,19,1,623453,4-3-2-1,2
800,5,1,623454,4-2-3-1,0
801,4,1,623455,3-4-1-2,1
802,20,1,623456,4-4-1-1,0
803,28,1,623457,4-3-3,4
804,9,1,623465,4-2-3-1,1
805,10,1,623458,4-3-3,1
806,26,1,623459,4-1-4-1,0
807,23,1,623460,4-2-3-1,0
808,24,1,623461,4-2-3-1,2
809,29,1,623462,3-4-2-1,1
810,22,1,623463,4-4-2,2
811,1,1,623449,3-4-2-1,1
812,18,1,623450,3-4-1-2,0
813,5,1,623451,4-2-3-1,2
814,17,1,623452,4-4-2,1
815,23,1,623446,4-2-3-1,3
816,25,1,623447,4-3-3,1
817,22,1,623448,4-2-3-1,1
818,15,1,623439,3-4-1-2,1
819,21,1,623440,4-2-3-1,2
820,3,1,623441,4-2-3-1,1
821,13,1,623442,4-2-3-1,3
822,14,1,623443,4-2-3-1,2
823,7,1,623445,4-1-4-1,2
824,8,1,623444,4-3-3,1
825,1,1,623429,3-5-2,2
826,3,1,623430,4-2-3-1,2
827,9,1,623434,4-2-3-1,2
828,4,1,623433,3-4-1-2,2
829,13,1,623431,4-2-3-1,1
830,14,1,623432,4-2-3-1,1
831,17,1,623435,4-4-2,1
832,7,1,623437,4-1-4-1,1
833,8,1,623436,4-2-3-1,0
834,11,1,623438,4-4-1-1,2
835,2,1,623428,4-2-3-1,3
836,19,1,623417,4-2-3-1,4
837,24,1,623418,4-2-3-1,0
838,1,1,623420,4-2-3-1,0
839,6,1,623419,4-1-4-1,4
840,15,1,623424,3-4-1-2,1
841,4,1,623421,3-4-1-2,1
842,28,1,623423,4-4-2,2
843,3,1,623425,4-2-3-1,2
844,10,1,623426,4-4-2,2
845,23,1,623427,4-4-2,2
846,20,1,623422,4-1-4-1,1
847,21,1,623414,4-3-1-2,7
848,12,1,623415,4-3-3,3
849,29,1,623416,3-4-1-2,1
850,20,1,623410,3-4-2-1,3
851,7,1,623411,5-4-1,2
852,8,1,623412,4-3-3,1
853,11,1,623413,4-4-2,4
854,19,1,623404,4-2-3-1,2
855,5,1,623406,3-5-2,0
856,16,1,623405,4-2-3-1,2
857,14,1,623401,4-2-3-1,3
858,26,1,623407,4-1-4-1,0
859,10,1,623408,4-3-3,1
860,17,1,623409,4-4-2,2
861,25,1,623402,4-2-3-1,2
862,28,1,623400,4-4-2,0
863,29,1,623403,3-4-1-2,1
864,6,1,623391,4-4-1-1,0
865,18,1,623396,4-2-3-1,2
866,4,1,623392,3-4-1-2,4
867,28,1,623394,4-4-2,1
868,3,1,623395,4-2-3-1,1
869,24,1,623397,4-2-3-1,1
870,11,1,623484,4-2-3-1,2
871,12,1,623399,4-3-3,3
872,22,1,623398,4-2-3-1,2
880,12,1,623388,4-3-3,2
881,21,1,623389,4-3-1-2,2
882,29,1,623390,3-4-2-1,0
883,24,1,623377,4-2-3-1,3
884,9,1,623378,5-3-2,1
885,15,1,623379,3-4-2-1,2
886,28,1,623380,4-4-2,2
887,10,1,623382,4-2-3-1,2
888,13,1,623383,4-2-3-1,2
889,2,1,623384,4-2-3-1,2
890,23,1,623386,4-4-2,0
891,22,1,623387,4-2-3-1,3
892,4,1,623381,3-4-1-2,1
893,1,1,623374,4-2-3-1,2
894,16,1,623369,4-2-3-1,2
895,19,1,623375,4-2-3-1,1
896,17,1,623376,3-5-2,1
897,24,1,623363,4-2-3-1,1
898,11,1,623364,4-2-3-1,1
899,18,1,623365,3-4-2-1,2
900,15,1,623366,3-4-2-1,0
901,5,1,623370,3-5-2,1
902,20,1,623368,4-2-3-1,2
903,21,1,623367,4-1-2-1-2,1
904,3,1,623371,4-2-3-1,1
905,8,1,623372,4-3-3,0
906,23,1,623373,4-4-2,2
907,16,1,623393,4-2-3-1,1
908,24,1,623289,4-4-2,4
909,26,1,623362,4-2-3-1,1
910,6,1,623360,4-1-4-1,2
911,17,1,623361,4-4-2,0
912,29,1,623359,3-5-2,2
913,11,1,623356,4-2-3-1,4
914,24,1,623358,4-2-3-1,2
915,12,1,623345,3-1-4-2,3
916,1,1,623347,4-2-3-1,1
917,18,1,623346,3-4-2-1,4
918,28,1,623348,4-3-3,3
919,15,1,623349,3-4-2-1,4
920,16,1,623350,4-2-3-1,1
921,20,1,623351,4-2-3-1,1
922,13,1,623352,4-2-3-1,2
923,14,1,623353,4-2-3-1,0
924,7,1,623354,3-4-1-2,1
925,26,1,623357,4-2-3-1,0
926,23,1,623355,4-4-2,3
927,15,1,623332,3-4-2-1,1
928,6,1,623338,4-1-4-1,2
929,19,1,623337,4-2-3-1,1
930,13,1,623339,4-2-3-1,2
931,8,1,623340,4-3-3,1
932,25,1,623335,4-1-4-1,1
933,2,1,623342,4-2-3-1,2
934,7,1,623343,3-4-2-1,1
935,11,1,623341,4-2-3-1,0
936,22,1,623344,4-3-3,0
937,5,1,623331,4-3-3,0
938,9,1,623333,3-4-2-1,2
939,4,1,623334,4-2-3-1,2
940,17,1,623336,3-1-4-2,2
941,9,1,623320,3-4-2-1,0
942,18,1,623323,3-4-2-1,3
943,21,1,623322,4-1-2-1-2,0
944,14,1,623324,4-2-3-1,1
945,10,1,623326,4-4-2,0
946,17,1,623325,3-5-2,2
947,26,1,623327,4-3-3,2
948,29,1,623328,3-4-2-1,2
949,12,1,623329,4-3-3,1
950,25,1,623330,4-1-4-1,3
951,1,1,623318,4-2-3-1,2
952,24,1,623319,4-2-3-1,3
953,28,1,623306,4-3-3,0
954,7,1,623307,3-4-1-2,2
955,6,1,623310,4-1-3-2,0
956,19,1,623309,4-2-3-1,2
957,29,1,623308,4-2-2-2,3
958,21,1,623311,4-3-1-2,1
959,3,1,623313,4-3-3,1
960,13,1,623312,4-2-3-1,2
961,10,1,623314,4-1-4-1,2
962,23,1,623315,4-4-2,2
963,22,1,623316,4-3-3,7
964,11,1,623317,4-2-3-1,1
965,29,1,623303,3-4-1-2,1
966,17,1,623304,3-5-2,2
967,2,1,623305,4-2-3-1,0
968,6,1,623293,4-1-4-1,1
969,15,1,623294,3-4-2-1,4
970,1,1,623295,4-3-3,4
971,19,1,623297,4-2-3-1,0
972,18,1,623296,3-4-2-1,1
973,9,1,623299,3-4-2-1,2
974,16,1,623298,4-4-2,2
975,14,1,623300,4-2-3-1,0
976,8,1,623301,4-3-3,2
977,25,1,623292,4-1-4-1,1
978,12,1,623302,4-1-4-1,2
979,4,1,623321,4-2-3-1,2
980,19,1,623290,4-2-3-1,3
981,17,1,622042,3-4-2-1,1
982,12,1,623291,4-1-4-1,2
983,10,1,623279,4-2-3-1,1
984,28,1,623280,3-4-2-1,1
985,23,1,623281,4-4-2,1
986,15,1,623282,3-4-2-1,2
987,5,1,623283,4-3-3,3
988,16,1,623285,4-1-2-1-2,2
989,20,1,623284,4-2-3-1,2
990,3,1,623286,4-2-3-1,1
991,26,1,623287,4-3-3,2
992,7,1,623288,4-2-3-1,2
993,13,1,623275,4-1-4-1,2
994,20,1,623276,4-2-3-1,0
995,4,1,623277,3-4-1-2,1
996,19,1,623278,4-2-3-1,5
997,8,1,623265,4-3-3,2
998,21,1,623266,4-1-3-2,1
999,14,1,623267,4-2-3-1,3
1000,9,1,623268,3-4-2-1,3
1001,2,1,623269,4-2-3-1,3
1002,26,1,623270,4-3-3,0
1003,7,1,623271,3-4-3,0
1004,22,1,623272,4-2-3-1,0
1005,25,1,623274,4-1-4-1,4
1006,11,1,623273,4-4-2,1
1007,19,1,623263,4-2-3-1,6
1008,12,1,623264,4-1-4-1,3
1009,15,1,623251,3-4-2-1,2
1010,25,1,623252,4-2-3-1,2
1011,1,1,623253,4-2-3-1,0
1012,10,1,623254,4-2-3-1,0
1013,18,1,623255,3-5-2,0
1014,5,1,623256,4-2-3-1,0
1015,16,1,623258,4-3-1-2,2
1016,28,1,623259,4-2-3-1,2
1017,3,1,623260,4-4-1-1,0
1018,9,1,623257,5-3-2,2
1019,14,1,623261,4-2-3-1,3
1020,24,1,623262,4-2-3-1,0
1021,6,1,623238,4-1-3-2,1
1022,2,1,623250,4-2-3-1,1
1023,20,1,623237,4-2-3-1,1
1024,13,1,623240,4-3-3,3
1025,18,1,623239,4-2-3-1,1
1026,21,1,623243,4-1-3-2,1
1027,11,1,623242,4-2-3-1,2
1028,23,1,623244,4-2-3-1,2
1029,8,1,623245,4-3-3,3
1030,10,1,623246,4-2-3-1,4
1031,26,1,623247,4-3-3,1
1032,29,1,623248,3-4-1-2,2
1033,22,1,623223,4-4-1-1,1
1034,3,1,623224,4-2-3-1,0
1035,4,1,623226,3-4-1-2,3
1036,28,1,623225,3-4-2-1,2
1037,5,1,623227,4-2-3-1,0
1038,9,1,623230,5-3-2,0
1039,16,1,623228,4-1-2-1-2,0
1040,20,1,623231,4-2-3-1,2
1041,21,1,623232,4-1-3-2,2
1042,25,1,623229,4-2-3-1,2
1043,14,1,623233,4-2-3-1,1
1044,29,1,623235,3-4-1-2,1
1045,7,1,623236,3-4-3,1
1046,13,1,623234,4-3-3,1
1047,22,1,623222,4-4-1-1,1
1048,6,1,623220,4-1-3-2,2
1049,26,1,623221,4-3-3,1
1050,18,1,623208,3-4-2-1,1
1051,2,1,623217,4-2-3-1,1
1052,12,1,623219,4-3-3,3
1053,4,1,623207,3-4-1-2,3
1054,19,1,623206,4-2-3-1,0
1055,28,1,623209,3-4-2-1,2
1056,11,1,623210,4-4-1-1,0
1057,1,1,623211,4-2-3-1,3
1058,3,1,623212,4-2-3-1,3
1059,6,1,623213,4-4-2,3
1060,14,1,623214,4-2-3-1,1
1061,8,1,623218,4-3-3,4
1062,10,1,623215,4-2-3-1,1
1063,23,1,623216,3-4-2-1,2
1064,1,1,623205,4-3-3,2
1065,18,1,622043,3-4-2-1,0
1066,19,1,622044,4-2-3-1,4
1067,5,1,623195,4-2-3-1,2
1068,13,1,623194,4-4-2,0
1069,24,1,623196,4-2-3-1,3
1070,10,1,623197,4-2-3-1,2
1071,9,1,623201,3-4-2-1,0
1072,16,1,623198,4-2-3-1,2
1073,20,1,623200,4-2-3-1,1
1074,21,1,623199,4-3-1-2,2
1075,8,1,623202,4-3-3,2
1076,7,1,623203,3-4-3,2
1077,22,1,623204,4-2-3-1,1
1078,2,1,623192,4-2-3-1,5
1079,12,1,623193,4-3-3,1
1080,16,1,622055,4-3-1-2,1
1081,28,1,622054,4-2-3-1,1
1082,26,1,622053,4-3-3,1
1083,15,1,622052,3-5-2,1
1084,25,1,623191,4-2-3-1,3
1085,3,1,622050,4-2-3-1,0
1086,7,1,622046,3-4-3,3
1087,4,1,622047,3-4-1-2,0
1088,14,1,622048,4-2-3-1,1
1089,23,1,622051,3-4-3,1
1090,29,1,622049,3-4-1-2,0
1091,6,1,622045,3-5-2,0
1092,20,1,622059,4-2-3-1,2
1093,1,1,622058,4-3-3,3
1094,11,1,622057,4-4-2,1
1095,10,1,622056,4-5-1,0
1096,24,1,622069,4-2-3-1,0
1097,21,1,622068,4-1-2-1-2,1
1098,5,1,622067,4-2-3-1,4
1099,12,1,622066,4-3-3,3
1100,8,1,622065,4-3-3,1
1101,2,1,622063,4-4-2,5
1102,9,1,622061,3-4-2-1,3
1103,13,1,622062,3-5-2,0
1104,25,1,622064,3-4-3,1
1105,22,1,622060,4-4-2,2
1106,15,1,598134,3-4-2-1,0
1107,5,1,598140,4-2-3-1,2
1108,4,1,598135,4-4-2,1
1109,17,1,598139,5-3-2,1
1110,16,1,598138,4-3-1-2,0
1111,19,1,598137,4-2-3-1,1
1112,28,1,598136,4-3-3,1
1113,7,1,598146,3-4-2-1,5
1114,11,1,598143,4-4-2,3
1115,22,1,598142,4-2-3-1,3
1116,25,1,598141,4-2-3-1,1
1117,26,1,598145,4-3-3,0
1118,29,1,598144,3-4-1-2,1
1119,15,1,598131,3-4-2-1,2
1120,18,1,598130,3-4-3,0
1121,2,1,598132,4-4-2,3
1122,23,1,598133,3-4-1-2,1
1123,12,1,598129,5-3-2,1
1124,24,1,598128,3-4-2-1,1
1125,14,1,598124,4-2-3-1,2
1126,10,1,598126,3-4-3,0
1127,20,1,598127,4-2-3-1,1
1128,21,1,598120,4-3-2-1,2
1129,13,1,598119,4-2-3-1,1
1130,23,1,598123,3-4-1-2,3
1131,18,1,598118,3-4-3,1
1132,1,1,598117,3-4-3,1
1133,9,1,598121,3-4-3,1
1134,8,1,598122,4-2-3-1,2
1135,16,1,598107,4-3-1-2,1
1136,1,1,598106,3-4-3,2
1137,5,1,598109,4-2-3-1,3
1138,9,1,598112,3-4-3,1
1139,4,1,598110,4-4-2,3
1140,19,1,598108,4-2-3-1,1
1141,28,1,598111,4-3-3,2
1142,8,1,598113,4-2-3-1,1
1143,26,1,598114,4-3-3,2
1144,22,1,598116,4-2-3-1,2
1145,29,1,598115,3-4-1-2,2
1146,12,1,598105,3-4-1-2,3
1147,2,1,598104,4-2-3-1,2
1148,20,1,598103,4-2-3-1,2
1149,24,1,598101,3-4-2-1,1
1150,5,1,598095,4-2-3-1,1
1151,19,1,598097,4-2-3-1,6
1152,21,1,598096,4-3-2-1,1
1153,28,1,598093,4-3-3,1
1154,3,1,598099,4-3-3,1
1155,13,1,598092,4-2-3-1,5
1156,14,1,598098,4-2-3-1,1
1157,7,1,598100,3-4-2-1,2
1158,11,1,598094,4-2-3-1,2
1159,25,1,598102,4-2-3-1,1
1160,1,1,598080,3-4-3,1
1161,9,1,598084,5-3-2,2
1162,4,1,598083,5-3-2,3
1163,13,1,598081,4-2-3-1,3
1164,20,1,598082,4-2-3-1,1
1165,8,1,598085,4-2-3-1,2
1166,14,1,598086,4-2-3-1,3
1167,10,1,598088,3-4-1-2,0
1168,17,1,598087,3-5-2,1
1169,7,1,598089,4-4-2,1
1170,22,1,598090,4-2-3-1,2
1171,25,1,598091,4-2-3-1,4
1172,18,1,598078,5-4-1,1
1173,29,1,598079,3-4-1-2,2
1174,15,1,598067,3-4-2-1,2
1175,12,1,598068,3-4-1-2,3
1176,5,1,598069,4-2-3-1,4
1177,16,1,598070,4-3-1-2,2
1178,9,1,598071,3-4-2-1,0
1179,4,1,598072,3-4-2-1,0
1180,28,1,598073,4-3-3,0
1181,10,1,598074,3-4-1-2,2
1182,2,1,598075,4-2-3-1,0
1183,23,1,598076,3-4-1-2,3
1184,11,1,598077,4-2-3-1,2
1185,14,1,597910,4-2-3-1,1
1186,18,1,597850,4-2-3-1,1
1187,4,1,597932,4-2-3-1,1
1188,24,1,598011,3-4-2-1,4
1189,19,1,598064,4-2-3-1,0
1190,21,1,598058,4-3-1-2,3
1191,26,1,598062,4-3-3,4
1192,28,1,598063,4-5-1,3
1193,22,1,598061,4-4-2,1
1194,11,1,598065,4-2-3-1,1
1195,24,1,598066,5-3-2,3
1196,2,1,598054,4-2-3-1,2
1197,15,1,598055,3-4-2-1,2
1198,4,1,598056,4-2-3-1,0
1199,20,1,598057,4-2-3-1,2
1200,8,1,598059,4-2-3-1,0
1201,29,1,598060,3-4-1-2,3
1202,1,1,598044,3-5-2,1
1203,28,1,598042,4-5-1,3
1204,15,1,598043,3-4-2-1,1
1205,9,1,598045,3-4-2-1,3
1206,18,1,598041,3-4-3,1
1207,3,1,598047,3-1-4-2,2
1208,8,1,598046,4-2-3-1,1
1209,17,1,598049,3-5-2,2
1210,7,1,598050,5-3-2,3
1211,10,1,598048,3-4-1-2,0
1212,23,1,598051,3-4-1-2,2
1213,12,1,598052,4-2-3-1,1
1214,25,1,598053,4-2-3-1,1
1215,3,1,598039,3-1-4-2,0
1216,26,1,598040,4-3-3,1
1217,2,1,598038,4-2-3-1,2
1218,21,1,598028,4-1-2-1-2,1
1219,16,1,598029,4-1-2-1-2,2
1220,5,1,598030,4-2-3-1,2
1221,9,1,598031,3-4-2-1,4
1222,7,1,598034,3-4-2-1,0
1223,14,1,598033,4-2-3-1,2
1224,19,1,598032,4-2-3-1,0
1225,25,1,598036,4-2-3-1,2
1226,29,1,598035,3-4-1-2,1
1227,22,1,598037,4-2-3-1,6
1228,13,1,598027,3-4-2-1,1
1229,3,1,598125,3-1-4-2,2
1230,18,1,597963,4-2-3-1,1
1231,15,1,598023,3-4-3,2
1232,21,1,598024,4-3-1-2,3
1233,22,1,598025,4-2-3-1,2
1234,7,1,598026,3-4-2-1,1
1235,1,1,598015,5-3-2,3
1236,16,1,598016,4-3-1-2,1
1237,4,1,598018,4-2-3-1,1
1238,28,1,598017,4-2-3-1,2
1239,2,1,598021,4-2-3-1,3
1240,14,1,598019,4-2-3-1,3
1241,10,1,598020,4-2-3-1,3
1242,23,1,598022,3-4-1-2,1
1243,13,1,598014,3-4-2-1,0
1244,1,1,598004,5-3-2,4
1245,9,1,598007,3-4-2-1,3
1246,20,1,598005,4-1-4-1,2
1247,26,1,598008,4-3-3,4
1248,2,1,598009,4-2-3-1,1
1249,22,1,598010,4-2-3-1,2
1250,11,1,598012,4-3-3,1
1251,25,1,598013,4-2-3-1,3
1252,5,1,598003,4-2-3-1,2
1253,19,1,598002,4-2-3-1,3
1254,28,1,598001,4-2-3-1,0
1255,12,1,598000,3-4-1-2,3
1256,7,1,597991,3-4-2-1,1
1257,24,1,597992,3-4-2-1,1
1258,16,1,597993,4-3-1-2,2
1259,18,1,597994,4-2-3-1,1
1260,15,1,597999,3-4-2-1,0
1261,4,1,597995,4-2-3-1,2
1262,13,1,597990,3-4-2-1,1
1263,8,1,597996,4-2-3-1,1
1264,10,1,597998,4-2-3-1,3
1265,26,1,597997,4-3-3,2
1266,1,1,597988,3-4-3,3
1267,29,1,597989,3-4-2-1,0
1268,29,1,597888,4-3-2-1,2
1269,20,1,597984,4-2-3-1,3
1270,4,1,597983,3-5-2,0
1271,23,1,597985,4-2-3-1,3
1272,25,1,597987,4-2-3-1,0
1273,17,1,597986,3-5-2,3
1274,21,1,598006,4-2-3-1,0
1275,10,1,597981,4-3-3,0
1276,12,1,597982,3-4-1-2,4
1277,2,1,597979,4-2-3-1,3
1278,29,1,597978,4-3-3,4
1279,24,1,597980,3-4-2-1,0
1280,1,1,597971,5-3-2,0
1281,18,1,597972,4-2-3-1,0
1282,12,1,597975,4-3-3,3
1283,19,1,597973,4-2-3-1,2
1284,9,1,597974,4-2-3-1,3
1285,10,1,597977,4-3-3,1
1286,26,1,597976,4-3-3,1
1287,5,1,597968,4-2-3-1,3
1288,15,1,597969,3-4-2-1,3
1289,20,1,597970,4-1-4-1,0
1291,14,1,597957,4-2-3-1,0
1292,5,1,597958,4-2-3-1,1
1293,9,1,597961,3-4-3,1
1294,13,1,597956,3-4-2-1,3
1295,16,1,597962,4-4-2,4
1296,21,1,597959,4-3-1-2,1
1297,10,1,597964,4-2-3-1,2
1298,20,1,597960,4-4-2,1
1299,2,1,597966,4-2-3-1,3
1300,7,1,597965,3-4-3,2
1301,29,1,597967,4-3-3,2
1302,11,1,597955,4-2-3-1,1
1303,1,1,597944,5-3-2,1
1304,16,1,597947,4-2-3-1,3
1305,4,1,597949,4-4-1-1,0
1306,13,1,597946,3-4-3,3
1307,21,1,597948,4-3-1-2,1
1308,18,1,597945,3-4-1-2,1
1309,8,1,597952,4-2-3-1,0
1310,17,1,597950,3-5-2,1
1311,26,1,597951,4-3-3,1
1312,2,1,597953,4-2-3-1,1
1313,23,1,597954,4-4-2,2
1314,11,1,597943,4-3-3,1
1315,25,1,597942,4-2-3-1,1
1316,1,1,597939,5-3-2,1
1317,3,1,597934,3-1-4-2,1
1318,17,1,597940,3-5-2,5
1319,22,1,597941,4-3-3,2
1320,14,1,597931,4-2-3-1,0
1321,15,1,597933,3-4-1-2,2
1322,19,1,597930,4-2-3-1,2
1323,28,1,597935,4-2-3-1,1
1324,8,1,597936,4-2-3-1,0
1325,10,1,597937,4-5-1,1
1326,23,1,597938,4-4-2,1
1327,25,1,597929,3-4-2-1,0
1328,3,1,597924,3-1-4-2,2
1329,13,1,597923,3-4-3,2
1330,16,1,597925,4-2-2-2,2
1331,25,1,597926,3-4-2-1,2
1332,9,1,597927,3-4-3,2
1333,11,1,597928,4-3-3,1
1334,5,1,597916,4-2-3-1,2
1335,4,1,597917,4-2-3-1,1
1336,14,1,597919,4-2-3-1,2
1337,28,1,597918,4-2-3-1,2
1338,8,1,597920,4-2-3-1,2
1339,7,1,597921,3-4-2-1,0
1340,22,1,597922,4-3-3,3
1341,16,1,597905,4-3-2-1,0
1342,15,1,597908,3-4-1-2,2
1343,5,1,597904,4-2-3-1,2
1344,21,1,597906,4-3-2-1,3
1345,3,1,597909,3-5-2,0
1346,18,1,597903,4-2-2-2,0
1347,20,1,597907,4-2-3-1,1
1348,2,1,597911,4-4-1-1,3
1349,24,1,597912,3-4-2-1,1
1350,11,1,597915,4-2-2-2,1
1351,12,1,597913,3-4-3,1
1352,22,1,597914,4-3-3,1
1353,21,1,597901,4-3-2-1,1
1354,28,1,597902,5-3-2,1
1355,24,1,597900,5-4-1,0
1356,18,1,597894,4-3-1-2,2
1357,4,1,597895,4-2-3-1,0
1358,13,1,597893,4-2-3-1,2
1359,10,1,597897,4-3-3,0
1360,26,1,597896,4-3-3,1
1361,2,1,597898,4-1-4-1,0
1362,29,1,597899,4-3-3,2
1363,19,1,597890,4-2-3-1,4
1364,20,1,597891,4-2-3-1,3
1365,11,1,597892,4-4-2,4
1366,12,1,597889,5-3-2,2
1367,16,1,597885,4-3-1-2,2
1368,19,1,597884,4-2-3-1,5
1369,13,1,597883,4-2-3-1,1
1370,9,1,597886,3-4-3,1
1371,24,1,597887,5-3-2,1
1372,1,1,597875,4-2-3-1,0
1373,3,1,597876,3-4-2-1,1
1374,14,1,597877,4-2-3-1,2
1375,8,1,597878,4-2-3-1,4
1376,17,1,597879,3-5-2,3
1377,23,1,597880,4-4-1-1,3
1378,25,1,597881,3-4-3,1
1379,12,1,597882,5-3-2,2
1380,20,1,597873,4-2-3-1,2
1381,2,1,597874,4-1-4-1,0
1382,5,1,597864,4-2-3-1,0
1383,13,1,597862,4-2-3-1,0
1384,19,1,597865,4-2-3-1,1
1385,28,1,597866,4-2-3-1,1
1386,3,1,597867,3-4-2-1,2
1387,4,1,597863,4-3-3,1
1388,26,1,597868,4-3-3,1
1389,7,1,597869,4-1-4-1,2
1390,23,1,597870,4-4-1-1,2
1391,22,1,597872,4-2-3-1,2
1392,29,1,597871,4-3-3,0
1393,14,1,597861,4-2-3-1,1
1394,1,1,597849,3-4-2-1,0
1395,15,1,597854,4-3-1-2,5
1396,5,1,597851,4-2-3-1,2
1397,21,1,597853,4-3-1-2,2
1398,28,1,597852,4-2-3-1,1
1399,17,1,597855,3-4-1-2,5
1400,7,1,597857,4-2-3-1,1
1401,29,1,597858,4-3-3,2
1402,12,1,597859,4-3-1-2,2
1403,22,1,597860,4-4-2,1
1404,4,1,597840,4-2-3-1,2
1405,17,1,597848,3-4-1-2,2
1406,18,1,597847,4-4-2,1
1407,16,1,597838,4-4-2,2
1408,15,1,597839,3-4-1-2,2
1409,3,1,597841,3-4-2-1,3
1410,2,1,597842,4-2-3-1,0
1411,7,1,597843,5-3-2,2
1412,24,1,597844,3-5-1-1,2
1413,29,1,597845,4-3-3,0
1414,11,1,597846,4-2-3-1,3
1415,8,1,597834,4-2-3-1,2
1416,7,1,597835,4-3-3,1
1417,11,1,597836,4-2-3-1,0
1418,5,1,597825,4-2-3-1,2
1419,9,1,597826,3-4-3,7
1420,15,1,597828,3-4-1-2,1
1421,20,1,597827,4-2-3-1,1
1422,3,1,597829,3-5-2,3
1423,14,1,597830,4-4-2,2
1424,17,1,597837,3-5-1-1,1
1425,10,1,597831,4-3-3,1
1426,23,1,597833,4-2-3-1,0
1427,2,1,597832,4-3-3,4
1428,1,1,597821,4-3-3,0
1429,19,1,597822,4-2-3-1,2
1430,2,1,597823,4-3-3,0
1431,8,1,597824,4-4-2,2
1432,26,1,597813,4-3-3,2
1433,28,1,597814,3-1-4-2,0
1434,3,1,597815,5-3-2,3
1435,23,1,597816,4-2-3-1,1
1436,17,1,597817,4-4-1-1,1
1437,24,1,597818,3-5-2,2
1438,25,1,597819,4-1-4-1,1
1439,22,1,597820,5-3-2,0
1440,13,1,597812,4-2-3-1,1
1441,16,1,597800,4-2-3-1,3
1442,19,1,597802,4-1-2-1-2,1
1443,21,1,597801,4-3-1-2,1
1444,15,1,597803,3-4-2-1,0
1445,3,1,597805,4-2-3-1,0
1446,14,1,597804,4-4-2,2
1447,10,1,597806,4-3-3,2
1448,17,1,597807,4-4-2,3
1449,26,1,597808,4-3-3,3
1450,24,1,597809,3-4-2-1,2
1451,12,1,597810,4-3-3,2
1452,29,1,597811,4-4-2,1
1453,20,1,597799,4-4-2,5
1454,1,1,597797,3-4-2-1,2
1455,5,1,597791,4-2-3-1,2
1456,4,1,597792,4-3-3,0
1457,19,1,597798,4-3-1-2,2
1458,28,1,597790,4-2-3-1,2
1459,9,1,597793,3-4-3,1
1460,8,1,597794,4-2-3-1,1
1461,2,1,596650,4-3-3,0
1462,11,1,597795,4-3-3,1
1463,22,1,597796,4-4-2,2
1464,12,1,597788,4-3-3,1
1465,18,1,597789,4-3-1-2,2
1466,23,1,597787,4-2-3-1,3
1467,26,1,597856,4-3-3,1
1468,21,1,597786,4-3-1-2,3
1469,24,1,597780,3-4-1-2,0
1470,3,1,597777,4-2-3-1,0
1471,18,1,597776,4-1-2-1-2,2
1472,5,1,597778,4-2-3-1,2
1473,4,1,597779,5-3-2,0
1474,1,1,597774,4-3-3,2
1475,12,1,597781,4-3-3,1
1476,11,1,597782,4-2-3-1,1
1477,13,1,597775,4-2-3-1,0
1478,26,1,597783,4-3-3,3
1479,7,1,597784,4-2-3-1,3
1480,23,1,597785,4-2-3-1,1
1481,24,1,597771,3-4-1-2,1
1482,9,1,597772,3-1-4-2,0
1483,17,1,597773,4-4-2,1
1484,15,1,597761,3-4-1-2,1
1485,22,1,597762,4-2-3-1,3
1486,3,1,597763,4-3-3,1
1487,20,1,597764,4-2-3-1,1
1488,19,1,597765,3-4-1-2,1
1489,8,1,597766,4-2-3-1,2
1490,16,1,597767,4-2-3-1,3
1491,10,1,597768,4-3-3,2
1492,25,1,597769,4-2-3-1,1
1493,12,1,597770,4-3-3,2
1494,26,1,597757,4-3-3,3
1495,4,1,596651,4-4-1-1,2
1496,16,1,597758,4-2-3-1,1
1497,9,1,597759,3-1-4-2,0
1498,24,1,597760,3-4-1-2,2
1499,19,1,597750,3-4-1-2,1
1500,11,1,597751,4-2-3-1,2
1501,1,1,597749,3-4-2-1,1
1502,21,1,597752,4-1-2-1-2,1
1503,14,1,597753,4-2-3-1,1
1504,7,1,597754,4-4-2,3
1505,23,1,597755,4-2-3-1,0
1506,25,1,597756,4-2-3-1,0
1507,9,1,597748,3-1-4-2,1
1508,28,1,597743,4-2-3-1,2
1509,13,1,597742,4-2-3-1,0
1510,21,1,597744,4-1-2-1-2,1
1511,10,1,597746,4-3-3,1
1512,14,1,597745,4-2-3-1,1
1513,25,1,597747,4-2-3-1,0
1514,13,1,597739,4-2-3-1,1
1515,22,1,597740,4-2-3-1,1
1516,26,1,597741,4-3-3,2
1517,3,1,597730,4-2-3-1,0
1518,18,1,597731,4-2-3-1,2
1519,5,1,597732,4-2-3-1,3
1520,17,1,597737,4-2-3-1,2
1521,29,1,597733,4-4-2,2
1522,8,1,597734,4-2-3-1,1
1523,20,1,597735,4-4-2,1
1524,11,1,597736,4-2-3-1,2
1525,7,1,597738,4-2-3-1,3
1526,23,1,597729,4-2-3-1,1
1527,17,1,597726,4-2-3-1,0
1528,24,1,597727,3-4-1-2,3
1529,29,1,597728,4-4-2,0
1530,18,1,597717,4-1-2-1-2,2
1531,23,1,596652,4-2-3-1,3
1532,15,1,597718,3-4-1-2,0
1533,10,1,597719,4-3-3,1
1534,16,1,597720,4-2-3-1,2
1535,20,1,597722,4-2-3-1,3
1536,21,1,597721,4-1-2-1-2,0
1537,8,1,597724,4-2-3-1,4
1538,14,1,597723,4-2-3-1,0
1539,25,1,597725,4-2-3-1,4
1540,11,1,596653,4-2-3-1,3
1541,19,1,596662,4-2-3-1,5
1542,17,1,597715,4-2-3-1,2
1543,28,1,596661,4-2-3-1,2
1544,25,1,596660,4-2-3-1,3
1545,12,1,597716,4-3-3,1
1546,1,1,596656,4-3-3,3
1547,14,1,596659,4-2-3-1,1
1548,16,1,596657,4-2-2-2,1
1549,21,1,596658,4-3-1-2,1
1550,7,1,596655,4-4-1-1,1
1551,22,1,596654,4-2-3-1,2
1552,26,1,596663,4-3-3,1
1553,13,1,596666,4-2-3-1,2
1554,5,1,596665,4-2-3-1,0
1555,29,1,596664,4-4-2,1
1556,15,1,596673,3-4-1-2,4
1557,20,1,596672,4-4-2,0
1558,12,1,596671,4-3-3,2
1559,9,1,596670,5-4-1,2
1560,8,1,596669,3-4-2-1,0
1561,18,1,596674,4-2-3-1,1
1562,3,1,596668,4-2-3-1,2
1563,17,1,596667,4-2-3-1,2
1564,10,1,596676,4-3-3,2
1565,24,1,596675,5-3-2,4
1566,14,2,692718,3-4-3,3
1567,25,2,692729,4-3-3,3
1568,4,2,692719,3-4-1-2,2
1569,20,2,692717,4-2-3-1,2
1570,22,2,692721,4-2-3-1,2
1571,17,2,692716,3-5-2,1
1572,9,2,692720,3-1-4-2,0
1573,16,2,692722,4-2-3-1,0
1574,23,2,692723,4-2-3-1,4
1575,2,2,692724,4-2-3-1,1
1576,27,2,692725,4-2-3-1,3
1577,8,2,692726,3-4-1-2,1
1578,18,2,692728,4-4-2,2
1579,29,2,692727,3-4-3,2
1580,21,2,692714,4-1-2-1-2,2
1581,2,2,692715,4-2-3-1,0
1582,12,2,692703,4-3-3,2
1583,4,2,692708,3-4-1-2,1
1584,28,2,692705,3-5-2,2
1585,20,2,692707,4-2-3-1,3
1586,16,2,692704,4-2-3-1,0
1587,3,2,692706,4-2-3-1,0
1588,24,2,692710,4-2-3-1,0
1589,10,2,692709,4-2-3-1,2
1590,13,2,692711,4-3-3,3
1591,5,2,692712,3-4-2-1,0
1592,7,2,692713,4-2-3-1,3
1593,11,2,692702,4-3-3,3
1594,22,2,692701,4-2-3-1,3
1595,9,2,692690,4-2-3-1,1
1596,18,2,692691,4-4-2,2
1597,7,2,692692,4-2-3-1,2
1598,6,2,692693,4-2-3-1,0
1599,1,2,692689,4-2-3-1,1
1600,28,2,692688,3-4-3,0
1601,11,2,692694,4-3-3,1
1602,25,2,692698,4-3-3,3
1603,10,2,692697,4-2-3-1,1
1604,23,2,692696,4-2-3-1,1
1605,21,2,692695,3-4-1-2,2
1606,8,2,692699,3-4-2-1,0
1607,15,2,692700,3-1-4-2,0
1608,3,2,692687,4-2-3-1,0
1609,14,2,692675,4-3-3,0
1610,12,2,692676,4-3-3,2
1611,4,2,692681,3-4-2-1,1
1612,15,2,692680,3-4-2-1,0
1613,19,2,692679,3-4-3,1
1614,18,2,692678,4-4-2,1
1615,26,2,692677,4-3-3,3
1616,8,2,692684,4-4-2,1
1617,25,2,692682,4-3-3,1
1618,5,2,692683,5-3-2,2
1619,27,2,692685,4-2-3-1,1
1620,24,2,692686,4-2-3-1,0
1621,22,2,692674,4-2-3-1,2
1622,3,2,692662,4-2-3-1,1
1623,13,2,692663,3-5-2,0
1624,5,2,692666,3-4-3,0
1625,19,2,692664,3-4-3,0
1626,2,2,692665,4-2-3-1,0
1627,1,2,692667,3-4-3,0
1628,23,2,692661,4-2-3-1,2
1629,11,2,692668,4-3-3,3
1630,9,2,692669,4-2-3-1,2
1631,10,2,692670,4-2-3-1,1
1632,17,2,692672,4-2-3-1,0
1633,21,2,692671,4-1-2-1-2,3
1634,24,2,692673,4-4-2,2
1635,4,2,692659,3-4-2-1,2
1636,20,2,692660,4-4-2,0
1637,15,2,692647,3-4-2-1,3
1638,13,2,692648,4-3-3,3
1639,7,2,692649,4-2-3-1,1
1640,18,2,692650,4-4-2,0
1641,28,2,692651,3-4-2-1,1
1642,21,2,692652,4-3-1-2,2
1643,29,2,692657,3-4-2-1,3
1644,22,2,692656,4-2-3-1,0
1645,12,2,692653,4-3-3,0
1646,6,2,692655,4-3-3,1
1647,25,2,692654,4-2-3-1,1
1648,27,2,692658,4-4-2,3
1649,9,2,692644,4-3-3,0
1650,11,2,692645,4-3-3,2
1651,15,2,692646,3-4-2-1,3
1652,22,2,692633,4-2-3-1,2
1653,6,2,692634,4-2-3-1,0
1654,16,2,692635,4-3-3,1
1655,3,2,692637,4-2-3-1,1
1656,8,2,692639,3-4-2-1,1
1657,14,2,692638,4-3-3,3
1658,27,2,692640,4-4-2,2
1659,7,2,692641,4-2-3-1,2
1660,26,2,692642,4-3-3,0
1661,29,2,692643,3-4-2-1,2
1662,28,2,692632,3-4-2-1,1
1663,5,2,692620,3-4-2-1,1
1664,12,2,692621,4-3-3,0
1665,20,2,692622,4-2-3-1,0
1666,6,2,692619,4-2-3-1,1
1667,4,2,692624,3-4-1-2,2
1668,15,2,692625,3-4-2-1,2
1669,18,2,692627,4-4-2,2
1670,21,2,692626,4-1-2-1-2,1
1671,19,2,692623,4-3-3,0
1672,17,2,692628,3-4-1-2,1
1673,9,2,692630,4-2-3-1,2
1674,11,2,692629,4-3-3,3
1675,2,2,692631,4-3-3,0
1676,28,2,692616,3-4-2-1,0
1677,18,2,692617,4-4-2,0
1678,13,2,692618,4-3-3,1
1679,1,2,692605,4-2-3-1,0
1680,24,2,692606,4-4-2,1
1681,19,2,692608,4-2-3-1,0
1682,16,2,692609,4-2-3-1,1
1683,15,2,692607,3-4-2-1,0
1684,3,2,692610,4-2-3-1,2
1685,14,2,692614,4-3-3,2
1686,25,2,692613,4-3-3,1
1687,26,2,692611,4-3-3,1
1688,23,2,692612,4-2-3-1,1
1689,7,2,692615,4-2-3-1,1
1690,23,2,692604,4-2-3-1,0
1691,13,2,660065,4-3-3,0
1692,15,2,660058,3-4-3,1
1693,1,2,660057,4-3-3,2
1694,18,2,660064,4-4-1-1,1
1695,21,2,660061,3-4-1-2,1
1696,3,2,660066,4-2-3-1,0
1697,20,2,660060,4-2-3-1,2
1698,23,2,660068,3-5-2,1
1699,8,2,660056,4-3-3,4
1700,10,2,660063,4-2-3-1,3
1701,2,2,660055,4-2-3-1,1
1702,14,2,660059,4-3-2-1,1
1703,24,2,660062,4-2-3-1,2
1704,12,2,660067,4-3-3,1
1705,6,2,659915,4-2-3-1,2
1706,7,2,660034,4-2-3-1,1
1707,16,2,659923,3-4-1-2,2
1708,23,2,659925,4-4-2,2
1709,5,2,660047,3-4-2-1,1
1710,22,2,660041,4-3-3,1
1711,19,2,660042,4-2-3-1,0
1712,4,2,660045,3-4-1-2,1
1713,28,2,660044,3-5-2,0
1714,16,2,660043,4-2-3-1,2
1715,17,2,660046,3-4-1-2,0
1716,12,2,660049,4-3-3,4
1717,6,2,660050,4-4-2,2
1718,25,2,660051,4-2-3-1,1
1719,7,2,660052,4-2-3-1,1
1720,11,2,660048,4-2-3-1,2
1721,26,2,660053,4-3-3,3
1722,29,2,660054,3-4-2-1,0
1723,10,2,660030,4-2-3-1,1
1724,28,2,660029,5-3-2,0
1725,18,2,660032,4-2-3-1,2
1726,5,2,660031,3-4-2-1,2
1727,1,2,660033,4-2-3-1,2
1728,9,2,660037,4-3-1-2,0
1729,13,2,660036,4-3-3,1
1730,20,2,660035,4-2-3-1,1
1731,14,2,660038,4-2-3-1,1
1732,11,2,660040,4-2-3-1,1
1733,27,2,660039,4-2-3-1,0
1734,23,2,660028,4-2-3-1,1
1735,21,2,660016,3-5-2,1
1736,19,2,660020,4-2-3-1,1
1737,6,2,660018,4-3-3,1
1738,3,2,660017,4-2-3-1,1
1739,15,2,660015,3-4-2-1,0
1740,4,2,660019,3-4-1-2,3
1741,8,2,660022,3-4-3,0
1742,25,2,660023,4-2-3-1,1
1743,24,2,660021,4-2-3-1,0
1744,26,2,660024,4-3-3,1
1745,2,2,660025,4-3-3,0
1746,22,2,660027,4-3-3,3
1747,9,2,660026,4-3-1-2,2
1748,8,2,659917,4-4-2,1
1749,29,2,659841,4-3-3,2
1750,11,2,660014,4-3-3,3
1751,28,2,660003,4-4-2,0
1752,13,2,660013,4-4-2,1
1753,15,2,660002,3-4-1-2,1
1754,18,2,660001,4-4-2,5
1755,6,2,660004,4-3-3,0
1756,12,2,660005,3-4-1-2,0
1757,16,2,660008,3-4-3,2
1758,5,2,660009,3-4-2-1,1
1759,27,2,660006,4-2-3-1,2
1760,10,2,660007,4-2-3-1,1
1761,29,2,660010,3-1-4-2,1
1762,7,2,660012,4-2-3-1,2
1763,17,2,660011,4-2-3-1,1
1764,4,2,659992,3-4-1-2,1
1765,21,2,659991,4-3-1-2,2
1766,3,2,659990,4-4-2,0
1767,1,2,659989,4-2-3-1,1
1768,28,2,659988,4-3-3,0
1769,20,2,659993,4-2-3-1,0
1770,2,2,659987,4-4-2,1
1771,29,2,659995,3-1-4-2,1
1772,17,2,659994,4-3-1-2,3
1773,12,2,659996,4-3-3,0
1774,24,2,659997,4-2-3-1,2
1775,8,2,659998,4-2-3-1,3
1776,14,2,660000,4-2-3-1,3
1777,25,2,659999,4-3-3,1
1778,22,2,659986,4-2-3-1,2
1779,18,2,659973,4-4-2,0
1780,13,2,659979,4-3-3,2
1781,3,2,659978,4-2-3-1,0
1782,9,2,659977,4-1-2-1-2,0
1783,5,2,659975,3-4-2-1,3
1784,4,2,659974,3-4-1-2,2
1785,29,2,659976,3-1-4-2,2
1786,24,2,659981,4-2-3-1,1
1787,27,2,659980,4-2-3-1,1
1788,26,2,659982,4-3-3,1
1789,16,2,659983,4-2-3-1,1
1790,11,2,659985,4-3-3,2
1791,23,2,659984,4-4-2,1
1792,27,2,659877,4-4-2,2
1793,25,2,659970,3-4-1-2,0
1794,26,2,659971,4-3-3,2
1795,16,2,659838,4-2-3-1,1
1796,12,2,659972,4-3-3,0
1797,18,2,659969,4-4-2,1
1798,13,2,659966,5-3-2,3
1799,29,2,659956,3-1-4-2,1
1800,5,2,659957,3-4-2-1,4
1801,3,2,659960,4-2-3-1,0
1802,20,2,659958,4-2-3-1,1
1803,2,2,659959,4-3-3,2
1804,1,2,659962,4-2-3-1,2
1805,6,2,659961,4-3-3,1
1806,27,2,659963,4-2-3-1,1
1807,7,2,659964,4-4-2,0
1808,10,2,659967,4-2-3-1,0
1809,14,2,659965,4-2-3-1,1
1810,22,2,659968,4-3-3,2
1811,4,2,659948,3-4-1-2,2
1812,20,2,659945,4-2-3-1,1
1813,17,2,659947,4-2-3-1,0
1814,18,2,659944,4-4-1-1,0
1815,15,2,659946,3-4-1-2,0
1816,21,2,659943,4-3-1-2,1
1817,24,2,659950,4-2-3-1,2
1818,29,2,659949,3-1-4-2,1
1819,5,2,659953,3-4-2-1,0
1820,7,2,659952,4-2-3-1,0
1821,8,2,659951,4-4-2,1
1822,23,2,659955,4-4-2,1
1823,11,2,659954,4-2-3-1,3
1824,24,2,659942,4-2-3-1,1
1825,17,2,659936,4-4-2,0
1826,16,2,659935,4-2-3-1,0
1827,12,2,659934,4-3-3,1
1828,28,2,659933,4-3-3,0
1829,21,2,659932,4-1-2-1-2,3
1830,19,2,659931,3-4-2-1,0
1831,13,2,659930,5-4-1,2
1832,27,2,659929,4-1-2-1-2,1
1833,2,2,659937,4-2-3-1,0
1834,25,2,659938,4-2-3-1,0
1835,10,2,659939,4-2-3-1,3
1836,3,2,659941,4-2-3-1,0
1837,29,2,659940,3-1-4-2,3
1838,7,2,659926,3-4-1-2,0
1839,4,2,659916,3-4-1-2,0
1840,14,2,659920,4-2-3-1,2
1841,9,2,659918,3-4-2-1,0
1842,15,2,659919,3-4-1-2,3
1843,20,2,659921,4-2-3-1,3
1844,22,2,659922,4-3-3,0
1845,2,2,659924,4-2-3-1,3
1846,1,2,659927,4-2-3-1,2
1847,25,2,659928,4-2-3-1,1
1848,20,2,659901,4-2-3-1,2
1849,6,2,659905,4-3-3,0
1850,9,2,659902,3-4-1-2,0
1851,19,2,659903,3-4-2-1,1
1852,28,2,659909,4-4-2,0
1858,12,2,659907,4-3-3,1
1859,17,2,659904,5-3-2,1
1860,13,2,659906,4-1-4-1,0
1861,26,2,659908,4-3-3,1
1862,10,2,659910,4-3-3,0
1863,18,2,659911,4-2-2-2,1
1864,5,2,659914,3-4-1-2,2
1865,8,2,659913,4-3-3,1
1866,11,2,659912,4-3-3,2
1867,1,2,659894,3-4-2-1,1
1868,4,2,659893,3-1-4-2,2
1869,14,2,659897,4-2-3-1,3
1870,21,2,659898,4-1-2-1-2,2
1871,23,2,659895,4-4-2,2
1872,22,2,659876,4-3-3,0
1873,15,2,659896,3-4-1-2,0
1874,27,2,659795,4-4-1-1,0
1875,24,2,659900,4-2-3-1,0
1876,2,2,659899,4-2-3-1,1
1877,1,2,659880,3-4-2-1,1
1878,4,2,659882,3-4-1-2,2
1879,19,2,659884,3-4-2-1,1
1880,13,2,659881,3-4-3,2
1881,16,2,659883,4-4-2,1
1882,27,2,659879,4-1-2-1-2,1
1883,17,2,659886,4-3-1-2,0
1884,26,2,659885,4-3-3,2
1885,2,2,659887,4-2-3-1,4
1886,8,2,659889,3-4-3,1
1887,20,2,659888,4-2-3-1,0
1888,21,2,659890,4-1-2-1-2,1
1889,25,2,659891,3-5-2,1
1890,24,2,659892,4-2-3-1,3
1891,6,2,659878,4-3-3,1
1892,5,2,659873,3-4-3,2
1893,28,2,659874,4-4-1-1,0
1894,9,2,659875,3-4-3,1
1895,12,2,659586,4-3-3,1
1896,21,2,659872,3-4-1-2,0
1897,18,2,659864,4-2-2-2,1
1898,16,2,659860,4-1-2-1-2,2
1899,2,2,659859,4-2-3-1,1
1900,3,2,659862,4-2-3-1,1
1901,23,2,659861,4-4-2,1
1902,12,2,659866,3-4-2-1,0
1903,22,2,659865,4-4-2,1
1904,9,2,659868,3-4-3,0
1905,29,2,659867,4-3-2-1,0
1906,7,2,659869,4-4-2,0
1907,19,2,659863,3-4-2-1,1
1908,11,2,659870,4-3-3,2
1909,10,2,659871,4-2-3-1,0
1910,15,2,659846,3-4-1-2,0
1911,17,2,659850,5-3-2,0
1912,4,2,659849,3-4-1-2,0
1913,28,2,659845,4-2-3-1,1
1914,1,2,659847,4-3-3,0
1915,13,2,659848,3-4-2-1,1
1916,3,2,659852,4-2-3-1,1
1917,10,2,659851,4-2-3-1,0
1918,11,2,659854,5-3-2,0
1919,14,2,659853,4-2-3-1,2
1920,29,2,659856,3-1-4-2,3
1921,19,2,659855,3-4-3,1
1922,27,2,659858,4-1-2-1-2,2
1923,20,2,659857,4-2-3-1,0
1924,19,2,659836,3-4-1-2,2
1925,17,2,659835,5-3-2,0
1926,28,2,659832,4-3-3,0
1927,6,2,659834,4-3-3,2
1928,21,2,659833,4-3-1-2,2
1929,25,2,659839,4-3-3,1
1930,23,2,659840,4-4-2,3
1931,26,2,659844,4-3-3,2
1932,24,2,659842,4-2-3-1,0
1933,3,2,659843,4-2-3-1,2
1934,8,2,659837,4-4-2,0
1935,5,2,659826,3-4-2-1,1
1936,23,2,659828,4-4-2,2
1937,20,2,659827,4-2-3-1,1
1938,27,2,659830,4-1-2-1-2,1
1939,12,2,659829,4-3-3,2
1940,22,2,659831,4-4-2,0
1941,10,2,659713,4-4-1-1,1
1942,11,2,659824,4-2-3-1,1
1943,8,2,659825,4-4-2,0
1944,9,2,659814,5-4-1,1
1945,14,2,659815,4-5-1,0
1946,24,2,659813,4-2-3-1,3
1947,13,2,659817,4-2-3-1,1
1948,17,2,659812,4-1-2-1-2,1
1949,7,2,659816,4-2-3-1,0
1950,5,2,659818,3-4-2-1,2
1951,12,2,659820,4-3-3,0
1952,2,2,659819,4-4-2,1
1953,19,2,659821,3-4-1-2,0
1954,21,2,659823,3-4-1-2,1
1955,4,2,659822,3-4-1-2,1
1956,27,2,659725,4-1-2-1-2,0
1957,1,2,659811,4-2-3-1,0
1958,16,2,659798,4-4-2,0
1959,22,2,659799,4-2-3-1,0
1960,3,2,659802,5-4-1,0
1961,9,2,659803,3-4-1-2,2
1962,20,2,659800,4-2-3-1,3
1963,15,2,659804,3-4-1-2,0
1964,6,2,659801,4-3-3,2
1965,23,2,659805,4-4-2,2
1966,17,2,659808,4-3-1-2,2
1967,28,2,659806,4-3-3,1
1968,10,2,659807,4-2-3-1,0
1969,25,2,659809,4-3-3,0
1970,26,2,659810,4-3-3,1
1971,16,2,659787,4-2-3-1,3
1972,7,2,659789,3-5-2,2
1973,15,2,659790,3-4-1-2,2
1974,4,2,659786,3-4-1-2,3
1975,6,2,659785,4-3-3,0
1976,3,2,659788,3-4-2-1,0
1977,18,2,659791,4-2-3-1,1
1978,14,2,659793,4-2-3-1,1
1979,11,2,659794,4-4-2,3
1980,8,2,659792,4-4-2,1
1981,25,2,659797,4-3-3,1
1982,10,2,659796,4-3-3,2
1983,22,2,659783,4-2-3-1,1
1984,5,2,659784,3-4-2-1,1
1985,13,2,659774,4-2-3-1,0
1986,3,2,659773,3-4-1-2,3
1987,21,2,659772,3-5-2,3
1988,1,2,659771,4-2-3-1,1
1989,9,2,659775,3-4-2-1,1
1990,2,2,659777,3-4-3,1
1991,23,2,659776,4-4-2,1
1992,29,2,659778,4-3-2-1,1
1993,4,2,659779,3-4-1-2,1
1994,6,2,659780,4-3-3,1
1995,8,2,659782,4-2-3-1,1
1996,18,2,659781,3-4-3,0
1997,17,2,659759,4-1-2-1-2,2
1998,11,2,659761,4-4-2,0
1999,5,2,659762,3-4-3,2
2000,20,2,659757,4-2-3-1,3
2001,15,2,659758,3-4-3,1
2002,16,2,659760,4-2-3-1,0
2003,28,2,659765,3-4-3,0
2004,1,2,659763,4-2-3-1,3
2005,10,2,659764,4-3-3,1
2006,23,2,659766,4-4-2,3
2007,26,2,659767,4-3-3,0
2008,25,2,659770,4-3-3,1
2009,14,2,659768,4-2-3-1,1
2010,24,2,659769,4-2-3-1,0
2011,7,2,659746,3-5-2,0
2012,3,2,659745,4-2-3-1,1
2013,11,2,659744,4-4-2,0
2014,15,2,659748,3-4-1-2,0
2015,19,2,659750,4-2-3-1,1
2016,18,2,659747,4-4-2,0
2017,9,2,659749,3-4-3,0
2018,29,2,659753,4-3-3,1
2019,10,2,659752,4-4-2,0
2020,13,2,659751,3-4-3,1
2021,22,2,659754,4-2-3-1,0
2022,26,2,659755,4-3-3,1
2023,2,2,659756,3-4-3,2
2024,25,2,659743,4-3-3,1
2025,27,2,659730,4-2-3-1,0
2026,6,2,659731,4-3-3,3
2027,28,2,659734,3-4-3,0
2028,20,2,659732,4-2-3-1,2
2029,17,2,659736,4-4-2,1
2030,16,2,659733,4-2-3-1,1
2031,19,2,659735,3-4-3,0
2032,8,2,659738,4-3-3,1
2033,24,2,659739,4-2-3-1,1
2034,14,2,659737,3-5-2,0
2035,21,2,659741,3-5-2,2
2036,12,2,659740,4-3-3,3
2037,29,2,659742,4-3-3,1
2038,26,2,659729,4-3-3,2
2039,20,2,659717,4-2-3-1,0
2040,19,2,659718,4-2-3-1,2
2041,9,2,659719,3-5-2,1
2042,1,2,659722,4-2-3-1,1
2043,21,2,659716,4-1-2-1-2,1
2044,12,2,659720,4-3-3,1
2045,16,2,659721,4-2-3-1,2
2046,23,2,659724,4-4-2,0
2047,3,2,659723,3-4-1-2,0
2048,7,2,659726,3-4-2-1,3
2049,2,2,659727,5-4-1,2
2050,14,2,659728,4-2-3-1,2
2051,8,2,659715,4-3-3,0
2052,1,2,659702,4-2-3-1,1
2053,13,2,659703,4-2-3-1,2
2054,6,2,659706,4-3-3,0
2055,4,2,659705,3-4-1-2,1
2056,11,2,659707,4-4-2,0
2057,19,2,659704,4-2-3-1,0
2058,25,2,659709,4-3-3,2
2059,18,2,659711,3-4-1-2,1
2060,15,2,659708,3-4-3,2
2061,22,2,659710,4-2-3-1,2
2062,24,2,659712,4-2-3-1,0
2063,7,2,659714,3-4-2-1,0
2064,3,2,659701,4-2-3-1,1
2065,18,2,659689,4-2-3-1,0
2066,5,2,659694,3-4-2-1,0
2067,22,2,659692,4-4-2,1
2068,26,2,659691,4-3-3,1
2069,8,2,659693,4-3-3,1
2070,9,2,659688,3-5-2,3
2071,28,2,659690,4-4-2,2
2072,13,2,659695,4-2-3-1,0
2073,12,2,659696,4-3-3,1
2074,27,2,659698,4-4-2,1
2075,25,2,659697,4-3-3,1
2076,2,2,659700,4-4-2,0
2077,14,2,659699,4-2-3-1,0
2078,12,2,659687,4-3-3,3
2079,9,2,659677,4-4-2,1
2080,7,2,659678,3-4-2-1,2
2081,16,2,659674,4-2-3-1,1
2082,17,2,659679,4-4-2,1
2083,1,2,659675,4-2-3-1,2
2084,10,2,659676,4-3-3,1
2085,29,2,659684,4-3-3,0
2086,21,2,659683,4-1-2-1-2,2
2087,23,2,659682,4-4-2,1
2088,20,2,659681,3-4-2-1,2
2089,24,2,659685,4-2-3-1,1
2090,26,2,659686,4-3-3,0
2091,4,2,659680,3-4-1-2,1
2092,5,2,659666,3-4-2-1,2
2093,21,2,659662,5-3-2,0
2094,8,2,659664,4-2-3-1,1
2095,2,2,659663,4-2-3-1,0
2096,15,2,659665,3-4-1-2,0
2097,1,2,659660,4-2-3-1,1
2098,25,2,659661,4-3-3,1
2099,14,2,659667,4-2-3-1,1
2100,11,2,659669,4-1-4-1,0
2101,28,2,659670,4-3-3,0
2102,7,2,659668,3-4-2-1,1
2103,6,2,659671,4-3-3,1
2104,27,2,659672,5-3-2,0
2105,22,2,659673,4-3-3,0
2106,18,2,659647,4-2-3-1,0
2107,23,2,659649,4-4-2,0
2108,13,2,659650,4-2-3-1,0
2109,24,2,659646,4-2-3-1,2
2110,19,2,659651,4-2-3-1,1
2111,17,2,659659,4-4-2,2
2112,26,2,659658,4-3-3,0
2113,6,2,659648,4-5-1,2
2114,9,2,659653,4-4-2,0
2115,22,2,659652,4-3-3,1
2116,14,2,659654,4-4-2,1
2117,12,2,659655,4-3-3,0
2118,10,2,659657,4-3-3,1
2119,15,2,659656,3-4-3,0
2120,11,2,659632,4-1-4-1,0
2121,18,2,659633,4-2-3-1,1
2122,1,2,659634,4-3-3,1
2123,16,2,659636,4-4-2,2
2124,3,2,659637,4-2-3-1,3
2125,20,2,659635,4-2-3-1,2
2126,7,2,659639,3-4-3,1
2127,19,2,659638,4-4-2,0
2128,29,2,659641,4-3-3,1
2129,4,2,659640,3-4-1-2,1
2130,24,2,659642,4-2-3-1,4
2131,27,2,659643,4-4-2,4
2132,8,2,659644,4-2-3-1,1
2133,28,2,659645,4-2-3-1,0
2134,12,2,659618,4-3-3,0
2135,22,2,659623,5-3-2,1
2136,21,2,659620,4-1-2-1-2,2
2137,17,2,659621,4-2-3-1,0
2138,9,2,659622,4-5-1,2
2139,5,2,659625,3-4-2-1,1
2140,6,2,659619,4-3-3,2
2141,13,2,659624,4-2-3-1,0
2142,4,2,659626,5-3-2,3
2143,26,2,659629,4-3-3,1
2144,2,2,659627,4-2-3-1,0
2145,25,2,659628,4-3-3,0
2146,14,2,659630,4-2-3-1,2
2147,29,2,659631,4-3-3,1
2148,16,2,659617,4-1-2-1-2,0
2149,1,2,659604,4-2-3-1,3
2150,8,2,659605,4-3-3,1
2151,20,2,659610,5-3-2,1
2152,24,2,659609,4-2-3-1,0
2153,13,2,659606,4-2-3-1,0
2154,3,2,659607,4-2-3-1,0
2155,5,2,659608,3-4-3,1
2156,18,2,659613,4-2-3-1,1
2157,15,2,659611,3-4-3,0
2158,11,2,659612,4-5-1,0
2159,2,2,659614,4-2-3-1,2
2160,27,2,659615,4-2-3-1,2
2161,7,2,659616,3-4-3,0
2162,22,2,659590,4-2-3-1,2
2163,28,2,659593,4-2-3-1,1
2164,9,2,659595,4-4-2,0
2165,21,2,659594,4-3-1-2,0
2166,10,2,659596,4-3-3,0
2167,17,2,659591,4-4-2,0
2168,4,2,659592,5-3-2,0
2169,15,2,659600,3-4-2-1,0
2170,19,2,659599,4-2-3-1,1
2171,11,2,659598,4-5-1,1
2172,6,2,659597,4-3-3,1
2173,26,2,659601,4-4-2,0
2174,29,2,659602,4-3-2-1,1
2175,23,2,659603,4-2-3-1,0
2176,26,2,659588,4-3-3,0
2177,7,2,659589,4-3-3,0
2178,19,2,659576,4-2-3-1,0
2179,25,2,659582,4-2-3-1,1
2180,16,2,659581,4-2-3-1,1
2181,28,2,659580,4-3-3,2
2182,10,2,659577,4-2-3-1,1
2183,15,2,659578,3-4-1-2,0
2184,18,2,659583,4-4-2,0
2185,5,2,659579,3-4-2-1,1
2186,27,2,659585,4-2-3-1,3
2187,14,2,659584,4-2-3-1,1
2188,23,2,659587,4-2-3-1,2
2189,19,2,623625,4-2-3-1,2
2190,16,2,623631,4-2-3-1,1
2191,4,2,623630,3-4-1-2,5
2192,15,2,623626,3-5-2,3
2193,6,2,623629,4-2-3-1,0
2194,5,2,623628,4-2-3-1,1
2195,28,2,623627,5-3-2,0
2196,7,2,623638,5-3-2,1
2197,26,2,623635,4-3-3,1
2198,11,2,623634,4-3-3,3
2199,17,2,623632,4-4-2,1
2200,29,2,623637,4-2-2-2,0
2201,22,2,623636,3-4-2-1,1
2202,25,2,623633,4-2-3-1,2
2203,5,2,623471,4-2-3-1,2
2204,20,2,623567,4-2-3-1,1
2205,20,2,623615,4-2-3-1,1
2206,12,2,623622,4-3-3,2
2207,24,2,623623,4-2-3-1,0
2208,10,2,623624,4-2-3-1,2
2209,1,2,623613,4-3-3,1
2210,8,2,623614,4-3-3,0
2211,21,2,623616,4-3-1-2,0
2212,9,2,623618,4-2-3-1,0
2213,18,2,623619,3-4-3,1
2214,3,2,623617,4-2-3-1,3
2215,14,2,623612,4-2-3-1,0
2216,2,2,623620,4-2-3-1,0
2217,23,2,623621,3-5-2,1
2218,13,2,623611,4-3-1-2,1
2219,4,2,623249,5-3-2,1
2220,11,2,623385,4-3-3,3
2221,22,2,623608,3-4-3,1
2222,13,2,623609,4-2-3-1,3
2223,10,2,623610,4-2-3-1,1
2224,18,2,623597,4-2-3-1,0
2225,21,2,623599,4-3-1-2,0
2226,15,2,623601,3-5-2,1
2227,28,2,623600,4-3-3,0
2228,6,2,623602,4-3-1-2,3
2229,14,2,623603,4-2-3-1,1
2230,17,2,623604,4-4-2,1
2231,4,2,623605,5-3-2,2
2232,24,2,623606,4-2-3-1,1
2233,7,2,623607,4-2-3-1,1
2234,8,2,623598,4-3-3,1
2235,1,2,623594,4-3-3,1
2236,23,2,623593,3-5-2,0
2237,25,2,623595,4-3-3,1
2238,11,2,623596,4-1-2-1-2,0
2239,3,2,623588,4-2-3-1,2
2240,5,2,623589,4-2-3-1,1
2241,12,2,623590,3-4-1-2,1
2242,16,2,623592,4-3-2-1,1
2243,9,2,623591,4-4-2,0
2244,19,2,623577,3-4-3,0
2245,11,2,623576,4-1-2-1-2,1
2246,16,2,623575,5-4-1,1
2247,28,2,623578,4-3-3,2
2248,25,2,623580,4-2-3-1,0
2249,20,2,623579,4-2-3-1,1
2250,13,2,623581,4-2-3-1,1
2251,2,2,623582,4-2-3-1,0
2252,12,2,623584,4-3-3,1
2253,26,2,623583,4-3-3,0
2254,29,2,623585,4-1-4-1,1
2255,9,2,623586,3-5-2,0
2256,14,2,623587,5-3-2,0
2257,5,2,623574,4-2-3-1,2
2258,4,2,623573,3-4-1-2,1
2259,1,2,623566,4-3-3,1
2260,7,2,623561,4-2-3-1,0
2261,15,2,623563,3-5-2,4
2262,26,2,623568,4-3-3,2
2263,19,2,623569,4-2-3-1,0
2264,10,2,623570,4-3-3,1
2265,29,2,623571,3-1-4-2,0
2266,23,2,623572,4-4-2,0
2267,8,2,623560,4-3-3,3
2268,3,2,623562,4-2-3-1,0
2269,21,2,623559,4-3-1-2,2
2270,6,2,623564,4-2-3-1,0
2271,2,2,623565,4-2-3-1,0
2272,1,2,623551,3-4-2-1,1
2273,18,2,623549,4-2-3-1,1
2274,13,2,623554,5-3-2,0
2275,3,2,623553,4-2-3-1,0
2276,11,2,623550,4-4-1-1,2
2277,9,2,623241,4-4-2,2
2278,12,2,623555,4-3-3,1
2279,7,2,623556,4-2-3-1,1
2280,22,2,623557,4-2-3-1,2
2281,24,2,623552,3-4-1-2,2
2282,14,2,623558,4-3-3,0
2283,9,2,623544,4-3-1-2,2
2284,19,2,623547,4-2-3-1,1
2285,11,2,623548,5-3-2,2
2286,10,2,623538,4-2-3-1,1
2287,13,2,623537,4-2-3-1,1
2288,5,2,623540,4-2-3-1,2
2289,7,2,623539,5-4-1,0
2290,15,2,623545,3-5-2,2
2291,28,2,623546,4-3-3,2
2292,25,2,623541,4-2-3-1,0
2293,23,2,623542,4-4-2,1
2294,17,2,623543,3-4-3,3
2295,12,2,623535,4-3-3,1
2296,24,2,623536,3-4-1-2,1
2297,19,2,623528,4-2-3-1,2
2298,1,2,623529,4-2-3-1,2
2299,20,2,623530,4-2-3-1,2
2300,22,2,623533,4-4-1-1,1
2301,8,2,623534,4-3-3,0
2302,4,2,623522,5-3-2,1
2303,16,2,623531,4-3-2-1,0
2304,21,2,623523,4-1-2-1-2,6
2305,28,2,623532,4-3-3,1
2306,2,2,623524,4-2-3-1,1
2307,10,2,623525,4-2-3-1,1
2308,29,2,623526,3-4-2-1,1
2309,12,2,623527,4-3-3,1
2310,24,2,623521,3-4-1-2,3
2311,18,2,623516,4-2-3-1,2
2312,16,2,623517,4-3-2-1,2
2313,6,2,623515,4-3-3,3
2314,21,2,623518,4-1-2-1-2,0
2315,7,2,623519,4-3-2-1,1
2316,9,2,623520,4-3-3,0
2317,14,2,623513,4-2-3-1,2
2318,23,2,623514,4-4-2,2
2319,20,2,623501,4-2-3-1,1
2320,1,2,623505,3-4-3,2
2321,9,2,623502,4-3-3,0
2322,3,2,623504,4-2-3-1,1
2323,22,2,623503,3-4-2-1,1
2324,19,2,623506,4-2-3-1,2
2325,26,2,623509,4-3-3,3
2326,5,2,623508,4-2-3-1,1
2327,25,2,623510,4-2-3-1,1
2328,15,2,623507,3-4-2-1,3
2329,29,2,623511,3-4-2-1,2
2330,6,2,623512,4-3-3,0
2331,24,2,623488,4-2-3-1,1
2332,3,2,623489,4-2-3-1,3
2333,13,2,623490,5-3-2,2
2334,19,2,623494,4-2-3-1,2
2335,18,2,623493,3-4-2-1,0
2336,21,2,623491,4-1-2-1-2,1
2337,16,2,623492,4-3-2-1,3
2338,28,2,623495,4-3-3,4
2339,11,2,623496,4-4-2,2
2340,25,2,623497,4-3-3,3
2341,14,2,623498,4-2-3-1,3
2342,12,2,623499,4-3-3,4
2343,8,2,623500,4-3-3,1
2344,10,2,623487,4-2-3-1,1
2345,9,2,623481,4-3-3,0
2346,15,2,623482,3-5-2,2
2347,17,2,623485,4-4-2,1
2348,13,2,623486,4-4-1-1,1
2349,7,2,623472,5-3-2,5
2350,8,2,623483,3-4-3,0
2351,20,2,623480,4-2-3-1,1
2352,22,2,623469,4-4-2,4
2353,1,2,623470,3-4-1-2,0
2354,19,2,623474,4-2-3-1,0
2355,10,2,623473,4-3-3,0
2356,4,2,623475,3-4-1-2,4
2357,29,2,623476,3-4-2-1,1
2358,28,2,623477,4-3-3,0
2359,2,2,623478,4-2-3-1,2
2360,11,2,623479,4-4-2,0
2361,23,2,623468,4-4-2,2
2362,24,2,623467,4-2-3-1,1
2363,18,2,623464,4-2-3-1,4
2364,1,2,623466,5-4-1,0
2365,13,2,623453,4-2-3-1,0
2366,16,2,623454,4-2-3-1,0
2367,17,2,623455,3-5-2,1
2368,21,2,623456,4-1-2-1-2,1
2369,6,2,623457,4-4-2,0
2370,15,2,623465,3-4-1-2,2
2371,14,2,623458,4-2-3-1,2
2372,12,2,623459,4-3-3,2
2373,8,2,623460,4-3-3,1
2374,7,2,623461,4-2-3-1,1
2375,3,2,623462,4-2-3-1,3
2376,25,2,623463,4-3-3,1
2377,20,2,623449,4-4-1-1,1
2378,19,2,623450,4-2-3-1,1
2379,4,2,623451,4-2-3-1,0
2380,12,2,623452,4-3-3,2
2381,26,2,623446,4-1-4-1,0
2382,10,2,623447,4-3-3,2
2383,29,2,623448,3-4-1-2,1
2384,28,2,623439,3-4-3,0
2385,16,2,623440,4-2-3-1,1
2386,24,2,623441,4-2-3-1,0
2387,6,2,623442,4-1-4-1,2
2388,9,2,623443,4-4-2,0
2389,11,2,623445,4-4-2,0
2390,2,2,623444,4-2-3-1,1
2391,23,2,623429,4-4-2,1
2392,28,2,623430,4-3-3,0
2393,5,2,623434,4-2-3-1,2
2394,29,2,623433,3-4-2-1,2
2395,21,2,623431,4-1-2-1-2,2
2396,26,2,623432,4-1-4-1,1
2397,24,2,623435,3-4-3,0
2398,20,2,623437,4-4-1-1,1
2399,19,2,623436,3-5-2,1
2400,25,2,623438,4-2-3-1,3
2401,10,2,623428,4-2-3-1,1
2402,16,2,623417,4-2-3-1,2
2403,22,2,623418,4-2-3-1,3
2404,2,2,623420,4-3-3,3
2405,17,2,623419,3-5-2,1
2406,26,2,623424,4-1-4-1,2
2407,18,2,623421,4-2-3-1,1
2408,25,2,623423,4-2-3-1,2
2409,5,2,623425,3-5-2,3
2410,8,2,623426,4-3-3,2
2411,7,2,623427,4-1-4-1,2
2412,13,2,623422,3-4-2-1,0
2413,9,2,623414,3-4-2-1,0
2414,11,2,623415,4-4-2,2
2415,14,2,623416,4-2-3-1,3
2416,9,2,623410,3-4-2-1,5
2417,2,2,623411,4-2-3-1,3
2418,13,2,623412,3-4-3,1
2419,15,2,623413,3-4-1-2,0
2420,1,2,623404,4-2-3-1,2
2421,21,2,623406,3-4-1-2,0
2422,4,2,623405,3-4-1-2,2
2423,23,2,623401,4-4-2,2
2424,18,2,623407,4-2-3-1,1
2425,6,2,623408,4-1-4-1,2
2426,22,2,623409,4-2-3-1,2
2427,3,2,623402,4-2-3-1,1
2428,24,2,623400,3-4-3,2
2429,12,2,623403,3-5-2,0
2430,2,2,623391,4-2-3-1,1
2431,1,2,623396,5-3-2,1
2432,19,2,623392,4-2-3-1,4
2433,5,2,623394,3-5-2,2
2434,21,2,623395,4-3-1-2,0
2435,15,2,623397,3-4-1-2,2
2436,14,2,623484,4-2-3-1,3
2437,8,2,623399,4-3-3,1
2438,10,2,623398,4-2-3-1,1
2446,18,2,623388,3-4-1-2,0
2447,19,2,623389,4-2-3-1,1
2448,16,2,623390,4-2-3-1,0
2449,26,2,623377,4-1-4-1,0
2450,17,2,623378,3-5-2,3
2451,6,2,623379,4-4-1-1,1
2452,1,2,623380,4-2-3-1,1
2453,3,2,623382,4-2-3-1,0
2454,14,2,623383,4-2-3-1,1
2455,8,2,623384,4-3-3,2
2456,5,2,623386,4-3-3,0
2457,7,2,623387,4-2-3-1,0
2458,20,2,623381,4-2-3-1,0
2459,13,2,623374,4-1-4-1,0
2460,14,2,623369,4-2-3-1,1
2461,7,2,623375,3-4-1-2,1
2462,26,2,623376,4-1-4-1,2
2463,12,2,623363,4-3-3,1
2464,22,2,623364,4-2-3-1,1
2465,28,2,623365,4-4-2,0
2466,2,2,623366,4-2-3-1,1
2467,6,2,623370,4-1-4-1,1
2468,10,2,623368,4-2-3-1,1
2469,4,2,623367,3-4-1-2,1
2470,9,2,623371,5-3-2,0
2471,29,2,623372,3-4-2-1,2
2472,25,2,623373,4-2-3-1,0
2473,20,2,623393,4-2-3-1,1
2474,29,2,623289,3-5-2,0
2475,16,2,623362,4-2-3-1,2
2476,18,2,623360,4-2-3-1,0
2477,25,2,623361,4-2-3-1,0
2478,23,2,623359,4-4-2,1
2479,2,2,623356,4-2-3-1,1
2480,6,2,623358,4-1-4-1,1
2481,25,2,623345,4-2-3-1,2
2482,5,2,623347,4-3-3,2
2483,9,2,623346,3-4-3,1
2484,3,2,623348,4-2-3-1,2
2485,4,2,623349,4-2-3-1,3
2486,21,2,623350,4-3-1-2,1
2487,8,2,623351,4-3-3,3
2488,22,2,623352,4-3-3,1
2489,19,2,623353,4-2-3-1,1
2490,17,2,623354,3-1-4-2,3
2491,29,2,623357,3-4-2-1,1
2492,10,2,623355,4-2-3-1,0
2493,23,2,623332,4-4-2,2
2494,29,2,623338,3-4-2-1,1
2495,3,2,623337,4-2-3-1,0
2496,18,2,623339,4-2-3-1,0
2497,14,2,623340,4-2-3-1,2
2498,26,2,623335,4-1-4-1,1
2499,20,2,623342,4-2-3-1,2
2500,24,2,623343,3-4-3,0
2501,10,2,623341,4-2-3-1,3
2502,21,2,623344,4-3-1-2,2
2503,12,2,623331,4-3-3,2
2504,28,2,623333,4-3-3,2
2505,16,2,623334,4-2-3-1,3
2506,1,2,623336,4-2-3-1,2
2507,19,2,623320,4-2-3-1,2
2508,3,2,623323,4-2-3-1,3
2509,13,2,623322,4-3-3,0
2510,11,2,623324,4-2-3-1,1
2511,24,2,623326,4-2-3-1,1
2512,15,2,623325,3-4-2-1,1
2513,7,2,623327,3-4-1-2,1
2514,8,2,623328,4-3-3,1
2515,2,2,623329,4-2-3-1,2
2516,22,2,623330,4-3-3,2
2517,16,2,623318,4-2-3-1,2
2518,14,2,623319,4-2-3-1,1
2519,20,2,623306,4-2-3-1,1
2520,12,2,623307,4-3-3,0
2521,15,2,623310,3-4-2-1,2
2522,5,2,623309,4-3-3,0
2523,25,2,623308,4-3-3,3
2524,18,2,623311,3-5-2,1
2525,4,2,623313,4-2-3-1,2
2526,9,2,623312,3-4-2-1,2
2527,17,2,623314,3-5-2,0
2528,2,2,623315,4-2-3-1,1
2529,26,2,623316,4-3-3,2
2530,8,2,623317,4-3-3,3
2531,28,2,623303,4-3-3,0
2532,23,2,623304,4-4-2,0
2533,11,2,623305,4-2-3-1,1
2534,13,2,623293,4-2-3-1,0
2535,20,2,623294,4-2-3-1,1
2536,3,2,623295,4-2-3-1,1
2537,26,2,623297,4-3-3,0
2538,22,2,623296,4-2-3-1,1
2539,10,2,623299,4-2-3-1,0
2540,5,2,623298,4-3-3,2
2541,4,2,623300,3-4-1-2,1
2542,24,2,623301,3-4-2-1,0
2543,7,2,623292,4-2-3-1,0
2544,21,2,623302,4-1-2-1-2,2
2545,28,2,623321,3-4-2-1,0
2546,25,2,623290,4-1-4-1,0
2547,21,2,622042,4-1-3-2,1
2548,14,2,623291,4-2-3-1,0
2549,2,2,623279,4-2-3-1,2
2550,4,2,623280,4-2-3-1,2
2551,11,2,623281,4-2-3-1,0
2552,1,2,623282,4-3-3,1
2553,9,2,623283,3-4-2-1,0
2554,13,2,623285,4-1-4-1,0
2555,6,2,623284,4-1-2-1-2,1
2556,18,2,623286,4-4-2,2
2557,8,2,623287,4-3-3,2
2558,22,2,623288,4-2-3-1,0
2559,1,2,623275,4-2-3-1,1
2560,18,2,623276,3-4-2-1,3
2561,12,2,623277,4-1-4-1,2
2562,28,2,623278,3-4-2-1,4
2563,10,2,623265,4-3-3,1
2564,15,2,623266,3-4-2-1,1
2565,3,2,623267,4-2-3-1,0
2566,16,2,623268,4-3-1-2,2
2567,29,2,623269,3-4-1-2,0
2568,5,2,623270,4-3-3,0
2569,6,2,623271,4-1-3-2,0
2570,23,2,623272,4-2-3-1,0
2571,24,2,623274,4-2-3-1,3
2572,17,2,623273,3-5-2,0
2573,23,2,623263,4-2-3-1,0
2574,26,2,623264,4-2-3-1,1
2575,29,2,623251,3-4-1-2,1
2576,17,2,623252,3-4-2-1,2
2577,4,2,623253,3-4-1-2,0
2578,22,2,623254,4-4-1-1,0
2579,8,2,623255,4-3-3,0
2580,20,2,623256,4-2-3-1,2
2581,6,2,623258,4-1-3-2,1
2582,21,2,623259,4-1-2-1-2,1
2583,11,2,623260,4-2-3-1,0
2584,2,2,623257,4-2-3-1,3
2585,7,2,623261,3-4-2-1,1
2586,13,2,623262,4-1-4-1,1
2587,1,2,623238,3-4-2-1,0
2588,14,2,623250,4-3-3,0
2589,3,2,623237,4-2-3-1,0
2590,16,2,623240,4-3-1-2,2
2591,15,2,623239,3-4-3,2
2592,5,2,623243,4-2-3-1,0
2593,12,2,623242,4-3-3,1
2594,28,2,623244,3-4-2-1,2
2595,7,2,623245,3-4-3,1
2596,25,2,623246,4-2-3-1,3
2597,17,2,623247,3-4-2-1,2
2598,22,2,623248,4-4-2,3
2599,11,2,623223,4-4-2,3
2600,8,2,623224,4-3-3,0
2601,15,2,623226,3-4-3,4
2602,19,2,623225,4-2-3-1,1
2603,17,2,623227,3-4-2-1,1
2604,1,2,623230,4-2-3-1,1
2605,18,2,623228,3-4-1-2,1
2606,12,2,623231,4-3-3,4
2607,6,2,623232,5-4-1,0
2608,2,2,623229,4-2-3-1,2
2609,24,2,623233,4-2-3-1,2
2610,26,2,623235,4-3-3,0
2611,23,2,623236,4-3-3,1
2612,10,2,623234,4-3-3,3
2613,20,2,623222,4-2-3-1,1
2614,4,2,623220,3-4-1-2,0
2615,23,2,623221,4-4-2,0
2616,5,2,623208,4-2-3-1,1
2617,24,2,623217,4-2-3-1,1
2618,29,2,623219,3-4-2-1,1
2619,13,2,623207,4-4-2,1
2620,21,2,623206,4-3-1-2,2
2621,9,2,623209,3-4-2-1,1
2622,20,2,623210,4-2-3-1,1
2623,15,2,623211,3-4-2-1,3
2624,26,2,623212,3-5-1-1,1
2625,16,2,623213,4-2-3-1,1
2626,25,2,623214,4-2-3-1,0
2627,22,2,623218,4-2-3-1,1
2628,7,2,623215,3-4-3,1
2629,17,2,623216,3-4-2-1,1
2630,6,2,623205,4-1-4-1,1
2631,14,2,622043,4-2-3-1,1
2632,15,2,622044,3-5-2,1
2633,28,2,623195,4-2-3-1,1
2634,12,2,623194,4-3-3,2
2635,11,2,623196,4-4-2,2
2636,29,2,623197,3-4-2-1,1
2637,3,2,623201,4-2-3-1,2
2638,23,2,623198,3-4-2-1,3
2639,4,2,623200,3-4-1-2,2
2640,25,2,623199,4-1-4-1,0
2641,17,2,623202,4-1-3-2,0
2642,26,2,623203,4-3-3,0
2643,2,2,623204,4-2-3-1,0
2644,13,2,623192,3-5-2,1
2645,22,2,623193,4-4-2,1
2646,8,2,622055,4-3-3,0
2647,18,2,622054,4-4-2,4
2648,10,2,622053,4-3-3,0
2649,21,2,622052,4-3-1-2,2
2650,5,2,623191,4-2-3-1,3
2651,20,2,622050,4-2-3-1,0
2652,1,2,622046,4-3-3,0
2653,9,2,622047,3-4-2-1,1
2654,17,2,622048,4-1-2-1-2,1
2655,24,2,622051,3-4-2-1,0
2656,19,2,622049,4-2-3-1,0
2657,11,2,622045,4-4-2,1
2658,15,2,622059,3-5-2,0
2659,26,2,622058,4-3-3,1
2660,19,2,622057,4-2-3-1,0
2661,23,2,622056,3-4-3,0
2662,17,2,622069,4-1-2-1-2,1
2663,14,2,622068,4-2-3-1,1
2664,29,2,622067,3-1-4-2,0
2665,7,2,622066,3-4-3,0
2666,28,2,622065,4-2-3-1,1
2667,4,2,622063,4-3-1-2,0
2668,6,2,622061,5-4-1,0
2669,3,2,622062,4-2-3-1,0
2670,18,2,622064,3-4-2-1,3
2671,16,2,622060,4-1-2-1-2,2
2672,20,2,598134,4-2-3-1,2
2673,3,2,598140,4-1-4-1,0
2674,1,2,598135,3-4-3,2
2675,18,2,598139,3-4-3,1
2676,13,2,598138,3-5-2,1
2677,21,2,598137,4-3-2-1,1
2678,9,2,598136,3-4-3,3
2679,12,2,598146,3-4-1-2,2
2680,14,2,598143,4-2-3-1,3
2681,2,2,598142,4-2-3-1,0
2682,8,2,598141,4-2-3-1,1
2683,23,2,598145,4-4-2,1
2684,24,2,598144,3-4-2-1,1
2685,10,2,598131,3-4-2-1,0
2686,1,2,598130,3-4-3,0
2687,26,2,598132,4-3-3,1
2688,22,2,598133,4-2-3-1,3
2689,29,2,598129,3-4-1-2,1
2690,11,2,598128,4-4-2,1
2691,26,2,598124,4-3-3,1
2692,7,2,598126,5-3-2,1
2693,17,2,598127,5-3-2,1
2694,4,2,598120,4-4-2,0
2695,19,2,598119,4-2-3-1,3
2696,25,2,598123,4-1-3-2,4
2697,15,2,598118,3-4-2-1,0
2698,28,2,598117,4-3-1-2,1
2699,5,2,598121,4-2-3-1,3
2700,2,2,598122,4-2-3-1,1
2701,7,2,598107,3-4-2-1,0
2702,13,2,598106,5-4-1,1
2703,20,2,598109,4-2-3-1,2
2704,18,2,598112,3-4-3,0
2705,17,2,598110,4-4-1-1,6
2706,3,2,598108,4-3-3,0
2707,21,2,598111,4-3-2-1,2
2708,23,2,598113,3-4-1-2,2
2709,11,2,598114,4-2-3-1,0
2710,25,2,598116,4-2-3-1,0
2711,14,2,598115,4-2-3-1,1
2712,24,2,598105,3-4-2-1,0
2713,10,2,598104,4-4-2,1
2714,16,2,598103,4-2-3-1,2
2715,26,2,598101,4-3-3,2
2716,18,2,598095,3-4-3,2
2717,9,2,598097,5-3-2,0
2718,17,2,598096,3-5-2,0
2719,15,2,598093,3-4-2-1,1
2720,23,2,598099,3-4-1-2,0
2721,4,2,598092,4-1-2-1-2,1
2722,12,2,598098,3-4-1-2,1
2723,22,2,598100,4-2-3-1,0
2724,8,2,598094,4-2-3-1,2
2725,29,2,598102,3-4-1-2,1
2726,19,2,598080,4-2-3-1,1
2727,16,2,598084,4-3-1-2,3
2728,3,2,598083,4-3-3,4
2729,28,2,598081,4-2-3-1,0
2730,15,2,598082,3-4-2-1,1
2731,12,2,598085,3-4-1-2,3
2732,21,2,598086,4-3-2-1,2
2733,11,2,598088,4-4-2,3
2734,5,2,598087,4-2-3-1,1
2735,24,2,598089,3-4-3,1
2736,29,2,598090,3-4-1-2,3
2737,2,2,598091,4-2-3-1,0
2738,19,2,598078,3-5-2,0
2739,26,2,598079,4-3-3,1
2740,21,2,598067,4-3-1-2,2
2741,25,2,598068,4-2-3-1,1
2742,13,2,598069,3-5-2,0
2743,3,2,598070,4-2-3-1,2
2744,17,2,598071,3-4-2-1,0
2745,20,2,598072,4-2-3-1,1
2746,1,2,598073,3-4-1-2,2
2747,24,2,598074,3-4-2-1,1
2748,14,2,598075,4-2-3-1,1
2749,7,2,598076,3-4-2-1,1
2750,22,2,598077,4-2-3-1,1
2751,7,2,597910,3-4-2-1,3
2752,13,2,597850,3-1-4-2,0
2753,21,2,597932,3-4-1-2,2
2754,29,2,598011,3-4-1-2,1
2755,17,2,598064,3-4-3,0
2756,5,2,598058,3-4-2-1,0
2757,10,2,598062,3-4-1-2,2
2758,3,2,598063,3-1-4-2,1
2759,13,2,598061,3-4-3,0
2760,12,2,598065,3-4-1-2,1
2761,7,2,598066,3-4-3,0
2762,23,2,598054,3-4-1-2,1
2763,1,2,598055,3-5-2,1
2764,18,2,598056,4-2-3-1,1
2765,9,2,598057,3-4-2-1,1
2766,14,2,598059,4-2-3-1,0
2767,25,2,598060,4-2-3-1,0
2768,13,2,598044,3-1-4-2,0
2769,4,2,598042,4-2-3-1,2
2770,16,2,598043,4-3-1-2,4
2771,14,2,598045,5-4-1,1
2772,21,2,598041,4-1-2-1-2,1
2773,19,2,598047,4-2-3-1,0
2774,26,2,598046,4-3-3,3
2775,20,2,598049,4-3-2-1,2
2776,2,2,598050,3-4-3,0
2777,29,2,598048,3-4-1-2,0
2778,11,2,598051,4-2-3-1,1
2779,22,2,598052,4-2-3-1,2
2780,24,2,598053,3-4-2-1,3
2781,17,2,598039,3-5-2,0
2782,24,2,598040,3-4-1-2,2
2783,11,2,598038,4-4-2,0
2784,1,2,598028,3-5-2,0
2785,20,2,598029,4-3-1-2,1
2786,15,2,598030,3-4-2-1,1
2787,4,2,598031,3-4-2-1,2
2788,28,2,598034,3-1-4-2,0
2789,10,2,598033,4-2-3-1,0
2790,18,2,598032,3-4-3,1
2791,12,2,598036,3-4-1-2,0
2792,8,2,598035,4-2-3-1,0
2793,23,2,598037,3-4-1-2,1
2794,17,2,598027,3-5-2,5
2795,16,2,598125,4-3-1-2,3
2796,19,2,597963,3-4-2-1,1
2797,3,2,598023,3-5-2,0
2798,20,2,598024,5-3-2,1
2799,12,2,598025,3-4-1-2,1
2800,29,2,598026,3-4-2-1,1
2801,9,2,598015,3-4-2-1,2
2802,5,2,598016,4-4-2,1
2803,19,2,598018,4-2-3-1,2
2804,17,2,598017,3-5-2,1
2805,25,2,598021,4-2-3-1,4
2806,11,2,598019,4-3-3,0
2807,8,2,598020,4-2-3-1,2
2808,24,2,598022,3-4-2-1,0
2809,18,2,598014,4-2-3-1,4
2810,4,2,598004,3-5-2,0
2811,3,2,598007,3-4-2-1,0
2812,15,2,598005,3-4-3,4
2813,14,2,598008,4-2-3-1,0
2814,12,2,598009,3-4-1-2,2
2815,7,2,598010,3-4-2-1,2
2816,10,2,598012,4-3-3,1
2817,23,2,598013,4-1-2-1-2,4
2818,18,2,598003,3-4-3,1
2819,8,2,598002,4-2-3-1,3
2820,13,2,598001,3-4-2-1,1
2821,23,2,598000,3-4-1-2,2
2822,11,2,597991,3-4-3,1
2823,14,2,597992,4-2-3-1,0
2824,19,2,597993,4-2-3-1,1
2825,9,2,597994,5-4-1,1
2826,17,2,597999,3-5-2,1
2827,28,2,597995,4-2-3-1,0
2828,5,2,597990,4-2-3-1,0
2829,25,2,597996,4-2-3-1,1
2830,2,2,597998,4-2-3-1,0
2831,3,2,597997,3-1-4-2,0
2832,20,2,597988,4-2-3-1,0
2833,22,2,597989,4-2-3-1,1
2834,2,2,597888,4-2-3-1,1
2835,5,2,597984,4-1-4-1,2
2836,13,2,597983,3-5-2,1
2837,8,2,597985,4-2-3-1,2
2838,7,2,597987,3-4-2-1,1
2839,19,2,597986,4-2-3-1,1
2840,16,2,598006,4-1-2-1-2,1
2841,22,2,597981,4-2-3-1,2
2842,26,2,597982,4-3-3,0
2843,8,2,597979,4-2-3-1,5
2844,23,2,597978,4-2-3-1,1
2845,22,2,597980,4-2-3-1,2
2846,17,2,597971,5-3-2,2
2847,3,2,597972,3-1-4-2,1
2848,11,2,597975,4-2-3-1,3
2849,16,2,597973,4-4-2,0
2850,21,2,597974,4-3-1-2,1
2851,14,2,597977,4-2-3-1,2
2852,7,2,597976,3-4-2-1,1
2853,4,2,597968,4-2-3-1,2
2854,28,2,597969,4-4-2,1
2855,13,2,597970,3-4-2-1,0
2857,26,2,597957,4-1-4-1,0
2858,24,2,597958,3-4-2-1,2
2859,1,2,597961,5-3-2,2
2860,28,2,597956,4-2-3-1,1
2861,4,2,597962,4-2-3-1,1
2862,15,2,597959,3-4-2-1,1
2863,8,2,597964,4-2-3-1,2
2864,3,2,597960,3-1-4-2,0
2865,22,2,597966,4-3-3,1
2866,23,2,597965,4-4-2,1
2867,12,2,597967,4-3-3,1
2868,25,2,597955,4-2-3-1,2
2869,28,2,597944,4-2-3-1,0
2870,9,2,597947,3-5-2,2
2871,15,2,597949,3-4-2-1,0
2872,3,2,597946,3-1-4-2,2
2873,19,2,597948,4-2-3-1,0
2874,5,2,597945,4-4-2,0
2875,24,2,597952,3-4-2-1,1
2876,20,2,597950,4-2-3-1,1
2877,22,2,597951,4-3-3,1
2878,29,2,597953,4-3-3,2
2879,10,2,597954,4-2-3-1,1
2880,7,2,597943,3-4-2-1,2
2881,14,2,597942,4-2-3-1,1
2882,12,2,597939,3-4-3,0
2883,5,2,597934,4-2-3-1,0
2884,9,2,597940,3-4-3,2
2885,24,2,597941,3-4-2-1,6
2886,11,2,597931,4-2-3-1,1
2887,18,2,597933,3-4-1-2,1
2888,13,2,597930,4-3-3,0
2889,16,2,597935,4-4-2,2
2890,26,2,597936,4-3-3,2
2891,7,2,597937,3-4-2-1,3
2892,2,2,597938,4-2-3-1,0
2893,29,2,597929,4-3-3,0
2894,18,2,597924,4-2-2-2,1
2895,17,2,597923,3-5-2,1
2896,21,2,597925,3-4-2-1,1
2897,12,2,597926,4-3-3,1
2898,15,2,597927,4-3-3,1
2899,29,2,597928,4-3-3,1
2900,1,2,597916,3-4-3,3
2901,20,2,597917,4-2-3-1,1
2902,10,2,597919,4-3-3,0
2903,19,2,597918,4-2-3-1,2
2904,2,2,597920,5-3-2,0
2905,26,2,597921,3-4-3,0
2906,23,2,597922,4-4-1-1,2
2907,17,2,597905,3-5-2,0
2908,1,2,597908,3-4-3,2
2909,9,2,597904,5-4-1,4
2910,28,2,597906,5-3-2,0
2911,19,2,597909,4-2-3-1,0
2912,4,2,597903,4-2-3-1,0
2913,13,2,597907,5-4-1,1
2914,10,2,597911,4-3-3,2
2915,8,2,597912,4-2-3-1,1
2916,23,2,597915,4-4-1-1,0
2917,26,2,597913,4-3-3,4
2918,25,2,597914,3-4-3,1
2919,3,2,597901,5-3-2,1
2920,17,2,597902,3-5-2,1
2921,25,2,597900,3-4-3,1
2922,16,2,597894,4-3-1-2,3
2923,9,2,597895,3-4-3,0
2924,15,2,597893,3-4-1-2,1
2925,23,2,597897,4-4-1-1,0
2926,8,2,597896,4-2-3-1,2
2927,7,2,597898,3-4-2-1,1
2928,14,2,597899,4-2-3-1,2
2929,5,2,597890,4-2-3-1,1
2930,1,2,597891,4-2-3-1,2
2931,22,2,597892,4-2-3-1,1
2932,14,2,597889,4-2-3-1,2
2933,15,2,597885,3-4-1-2,1
2934,20,2,597884,4-2-3-1,0
2935,21,2,597883,4-3-2-1,1
2936,18,2,597886,4-3-1-2,0
2937,26,2,597887,4-3-3,3
2938,5,2,597875,4-4-2,1
2939,28,2,597876,4-2-3-1,2
2940,22,2,597877,4-4-2,1
2941,11,2,597878,4-3-3,0
2942,4,2,597879,4-3-3,0
2943,7,2,597880,3-4-2-1,0
2944,10,2,597881,4-5-1,1
2945,29,2,597882,4-3-3,2
2946,21,2,597873,4-1-2-1-2,1
2947,24,2,597874,5-4-1,1
2948,17,2,597864,3-5-2,0
2949,16,2,597862,4-1-2-1-2,5
2950,15,2,597865,3-4-1-2,0
2951,18,2,597866,4-3-1-2,1
2952,9,2,597867,3-4-1-2,2
2953,1,2,597863,4-2-3-1,1
2954,25,2,597868,3-4-3,1
2955,8,2,597869,4-2-3-1,0
2956,11,2,597870,4-3-3,2
2957,12,2,597872,5-3-2,1
2958,10,2,597871,4-1-4-1,0
2959,24,2,597861,5-3-2,0
2960,16,2,597849,4-1-2-1-2,1
2961,4,2,597854,5-3-2,4
2962,19,2,597851,4-2-3-1,1
2963,9,2,597853,3-4-3,1
2964,20,2,597852,4-2-3-1,1
2965,3,2,597855,3-4-2-1,1
2966,25,2,597857,5-4-1,1
2967,11,2,597858,4-3-3,1
2968,23,2,597859,4-2-3-1,1
2969,8,2,597860,4-2-3-1,0
2970,5,2,597840,4-2-3-1,2
2971,1,2,597848,4-1-2-1-2,2
2972,21,2,597847,4-3-1-2,1
2973,28,2,597838,4-2-3-1,3
2974,19,2,597839,3-4-2-1,1
2975,20,2,597841,4-2-3-1,1
2976,12,2,597842,4-3-1-2,2
2977,14,2,597843,4-4-2,0
2978,10,2,597844,4-3-3,0
2979,23,2,597845,4-2-3-1,4
2980,8,2,597846,4-2-3-1,1
2981,29,2,597834,4-1-4-1,2
2982,24,2,597835,3-5-1-1,1
2983,26,2,597836,4-3-3,2
2984,16,2,597825,4-2-3-1,2
2985,28,2,597826,3-4-2-1,1
2986,13,2,597828,4-2-3-1,0
2987,18,2,597827,4-4-2,2
2988,1,2,597829,4-3-3,0
2989,25,2,597830,4-1-4-1,2
2990,21,2,597837,4-3-1-2,0
2991,4,2,597831,4-3-3,1
2992,12,2,597833,4-3-3,1
2993,22,2,597832,4-4-2,1
2994,18,2,597821,3-4-1-2,0
2995,9,2,597822,3-4-3,1
2996,5,2,597823,4-2-3-1,0
2997,16,2,597824,4-2-3-1,1
2998,12,2,597813,5-3-2,1
2999,4,2,597814,4-3-3,2
3000,21,2,597815,4-1-2-1-2,3
3001,10,2,597816,4-3-3,1
3002,15,2,597817,3-4-1-2,1
3003,29,2,597818,4-3-3,2
3004,11,2,597819,4-4-2,3
3005,14,2,597820,4-4-2,1
3006,20,2,597812,4-2-3-1,2
3007,18,2,597800,4-3-1-2,2
3008,1,2,597802,4-3-3,0
3009,5,2,597801,4-2-3-1,0
3010,9,2,597803,3-4-2-1,0
3011,4,2,597805,4-3-3,1
3012,2,2,597804,4-3-3,0
3013,22,2,597806,5-4-1,2
3014,28,2,597807,4-2-3-1,2
3015,7,2,597808,5-3-2,1
3016,23,2,597809,4-2-3-1,1
3017,8,2,597810,3-4-1-2,0
3018,11,2,597811,4-2-3-1,2
3019,25,2,597799,4-2-3-1,0
3020,21,2,597797,4-3-1-2,2
3021,3,2,597791,4-2-3-1,0
3022,7,2,597792,5-3-2,2
3023,16,2,597798,4-4-1-1,3
3024,20,2,597790,4-2-3-1,3
3025,13,2,597793,4-2-3-1,0
3026,14,2,597794,4-1-4-1,1
3027,25,2,596650,3-4-1-2,0
3028,24,2,597795,3-4-2-1,2
3029,26,2,597796,4-3-3,1
3030,10,2,597788,4-3-3,1
3031,17,2,597789,4-4-2,0
3032,29,2,597787,4-3-3,1
3033,2,2,597856,4-4-2,1
3034,22,2,597786,4-2-3-1,0
3035,2,2,597780,4-3-3,0
3036,15,2,597777,3-4-1-2,1
3037,20,2,597776,4-2-3-1,1
3038,28,2,597778,4-4-2,1
3039,16,2,597779,4-2-3-1,1
3040,17,2,597774,4-4-2,2
3041,19,2,597781,3-4-1-2,2
3042,25,2,597782,4-2-3-1,0
3043,9,2,597775,3-4-3,3
3044,10,2,597783,4-3-3,2
3045,8,2,597784,4-2-3-1,0
3046,14,2,597785,4-1-4-1,1
3047,1,2,597771,3-4-2-1,1
3048,21,2,597772,4-3-1-2,1
3049,2,2,597773,4-3-3,0
3050,4,2,597761,5-3-2,2
3051,11,2,597762,4-2-3-1,0
3052,13,2,597763,4-2-3-1,0
3053,28,2,597764,4-2-3-1,0
3054,5,2,597765,4-2-3-1,2
3055,23,2,597766,4-2-3-1,2
3056,18,2,597767,4-1-2-1-2,1
3057,29,2,597768,4-2-3-1,1
3058,26,2,597769,4-3-3,3
3059,7,2,597770,5-3-2,1
3060,29,2,597757,4-4-2,0
3061,13,2,596651,4-2-3-1,3
3062,5,2,597758,4-2-3-1,0
3063,20,2,597759,4-2-3-1,1
3064,12,2,597760,3-1-4-2,0
3065,28,2,597750,4-2-3-1,1
3066,2,2,597751,4-3-3,0
3067,15,2,597749,3-4-1-2,0
3068,18,2,597752,4-1-2-1-2,0
3069,8,2,597753,3-4-2-1,0
3070,10,2,597754,3-4-1-2,1
3071,17,2,597755,4-4-2,0
3072,22,2,597756,4-4-2,2
3073,3,2,597748,4-2-3-1,0
3074,5,2,597743,4-2-3-1,0
3075,15,2,597742,3-4-1-2,2
3076,16,2,597744,4-2-3-1,1
3077,26,2,597746,4-1-4-1,0
3078,29,2,597745,4-4-2,0
3079,24,2,597747,3-4-3,1
3080,1,2,597739,4-3-3,1
3081,24,2,597740,3-4-1-2,2
3082,2,2,597741,4-3-3,1
3083,21,2,597730,4-3-1-2,2
3084,28,2,597731,4-2-3-1,0
3085,9,2,597732,3-1-4-2,1
3086,16,2,597737,4-4-2,0
3087,15,2,597733,3-4-1-2,0
3088,10,2,597734,4-3-3,1
3089,19,2,597735,3-4-1-2,1
3090,12,2,597736,4-3-3,1
3091,14,2,597738,4-2-3-1,2
3092,25,2,597729,4-2-3-1,2
3093,13,2,597726,4-2-3-1,0
3094,11,2,597727,4-2-3-1,0
3095,7,2,597728,4-2-3-1,1
3096,3,2,597717,4-2-3-1,0
3097,26,2,596652,4-3-3,1
3098,5,2,597718,4-2-3-1,0
3099,12,2,597719,4-3-3,1
3100,1,2,597720,4-3-3,1
3101,4,2,597722,4-4-1-1,0
3102,19,2,597721,3-1-4-2,2
3103,22,2,597724,4-2-3-1,1
3104,2,2,597723,4-3-3,1
3105,9,2,597725,3-4-2-1,1
3106,18,2,596653,5-3-2,2
3107,4,2,596662,4-4-1-1,0
3108,15,2,597715,3-4-1-2,2
3109,29,2,596661,4-4-2,2
3110,8,2,596660,3-4-2-1,1
3111,24,2,597716,5-3-2,1
3112,3,2,596656,4-2-3-1,1
3113,23,2,596659,4-2-3-1,2
3114,9,2,596657,5-4-1,0
3115,13,2,596658,4-2-3-1,2
3116,2,2,596655,4-3-3,3
3117,10,2,596654,4-2-3-1,1
3118,20,2,596663,4-3-3,1
3119,11,2,596666,4-2-3-1,3
3120,21,2,596665,4-1-2-1-2,0
3121,22,2,596664,4-2-3-1,0
3122,28,2,596673,4-2-3-1,2
3123,1,2,596672,4-3-3,0
3124,2,2,596671,4-3-3,0
3125,19,2,596670,4-2-3-1,1
3126,7,2,596669,4-2-3-1,0
3127,26,2,596674,4-3-3,2
3128,16,2,596668,4-4-2,2
3129,4,2,596667,4-4-1-1,2
3130,25,2,596676,4-2-3-1,1
3131,14,2,596675,4-2-3-1,0
